Season,Nation,Name,Number,Position,PremierLeagueApps,PremierLeagueGoals,FaCupApps,UEFACupApps,FaCupGoals,UEFACupGoals,LeagueCupApps,LeagueCupGoals,ChampionsLeagueApps,ChampionsLeagueGoals,EuropaLeagueApps,EuropaLeagueGoals,Born,PremierLeagueSubs,AgeAugust,Age,ExtraM,ExtraD
2000-01,Netherlands,Ed de Goey,1,GK,15,0.0,0,0.0,0.0,0.0,1,0.0,,,,,1966-12-20,0,2000-08-01,33.0,7.0,12.0
2000-01,England,Jon Harley,34,DF,6,0.0,2,0.0,0.0,0.0,0,0.0,,,,,1979-09-26,4,2000-08-01,20.0,10.0,6.0
2000-01,Denmark,Jesper Grønkjær,30,MF,6,1.0,2,0.0,2.0,0.0,0,0.0,,,,,1977-08-12,8,2000-08-01,22.0,11.0,20.0
2000-01,Georgia(country),Rati Aleksidze,27,MF,0,0.0,0,1.0,0.0,0.0,0,0.0,,,,,1978-08-03,2,2000-08-01,21.0,11.0,29.0
2000-01,England,John Terry,26,DF,19,1.0,3,0.0,0.0,0.0,1,0.0,,,,,1980-12-07,3,2000-08-01,19.0,7.0,25.0
2000-01,Italy,Gianfranco Zola,25,FW,31,9.0,3,2.0,2.0,0.0,1,1.0,,,,,1966-07-05,5,2000-08-01,34.0,0.0,27.0
2000-01,Italy,Samuele Dalla Bona,24,MF,26,2.0,1,2.0,0.0,0.0,0,0.0,,,,,1981-02-06,3,2000-08-01,19.0,5.0,26.0
2000-01,Iceland,Eiður Guðjohnsen,22,FW,17,10.0,3,3.0,3.0,0.0,1,0.0,,,,,1978-09-15,13,2000-08-01,21.0,10.0,17.0
2000-01,France,Bernard Lambourde,21,DF,0,0.0,0,0.0,0.0,0.0,0,0.0,,,,,1971-05-11,1,2000-08-01,29.0,2.0,21.0
2000-01,England,Jody Morris,20,MF,12,0.0,1,3.0,0.0,0.0,1,0.0,,,,,1978-12-22,9,2000-08-01,21.0,7.0,10.0
2000-01,Spain,Albert Ferrer,17,DF,12,0.0,3,0.0,0.0,0.0,0,0.0,,,,,1970-06-06,2,2000-08-01,30.0,1.0,26.0
2000-01,Italy,Roberto Di Matteo,16,MF,8,0.0,0,2.0,0.0,0.0,0,0.0,,,,,1970-05-29,0,2000-08-01,30.0,2.0,3.0
2000-01,Italy,Carlo Cudicini,23,GK,23,0.0,3,2.0,0.0,0.0,0,0.0,,,,,1973-09-06,1,2000-08-01,26.0,10.0,26.0
2000-01,England,Graeme Le Saux,14,DF,17,0.0,2,2.0,0.0,0.0,0,0.0,,,,,1968-10-17,3,2000-08-01,31.0,9.0,15.0
2000-01,Netherlands,Mario Melchiot,15,DF,27,0.0,1,1.0,0.0,1.0,1,0.0,,,,,1976-11-04,4,2000-08-01,23.0,8.0,28.0
2000-01,Italy,Christian Panucci,2,DF,7,0.0,0,2.0,0.0,1.0,0,0.0,,,,,1973-04-12,1,2000-08-01,27.0,3.0,20.0
2000-01,Nigeria,Celestine Babayaro,3,DF,19,0.0,2,0.0,0.0,0.0,1,0.0,,,,,1978-08-29,5,2000-08-01,21.0,11.0,3.0
2000-01,France,Frank Leboeuf,5,DF,24,0.0,2,2.0,0.0,0.0,0,0.0,,,,,1968-01-22,2,2000-08-01,32.0,6.0,10.0
2000-01,Netherlands,Winston Bogarde,7,DF,9,0.0,0,1.0,0.0,0.0,1,0.0,,,,,1970-10-22,0,2000-08-01,29.0,9.0,10.0
2000-01,France,Marcel Desailly,6,DF,34,2.0,2,1.0,0.0,0.0,1,0.0,,,,,1968-09-07,0,2000-08-01,31.0,10.0,25.0
2000-01,Netherlands,Jimmy Floyd Hasselbaink,9,FW,35,23.0,2,2.0,2.0,1.0,1,0.0,,,,,1972-03-27,0,2000-08-01,28.0,4.0,5.0
2000-01,SerbiaandMontenegro,Slaviša Jokanović,10,MF,7,0.0,2,0.0,0.0,0.0,1,0.0,,,,,1968-08-16,12,2000-08-01,31.0,11.0,16.0
2000-01,England,Dennis Wise,11,MF,35,3.0,3,1.0,0.0,0.0,1,0.0,,,,,1966-12-16,1,2000-08-01,33.0,7.0,16.0
2000-01,Croatia,Mario Stanić,12,MF,8,2.0,2,0.0,0.0,0.0,0,0.0,,,,,1972-04-10,4,2000-08-01,28.0,3.0,22.0
2000-01,Uruguay,Gustavo Poyet,8,MF,22,11.0,3,0.0,1.0,0.0,1,0.0,,,,,1967-11-15,8,2000-08-01,32.0,8.0,17.0
2001-02,Italy,Carlo Cudicini,23,GK,27,0.0,8,0.0,0.0,0.0,5,0.0,,,,,1973-09-06,1,2001-08-01,27.0,10.0,26.0
2001-02,England,John Terry,26,DF,32,1.0,5,2.0,2.0,1.0,3,0.0,,,,,1980-12-07,1,2001-08-01,20.0,7.0,25.0
2001-02,Italy,Samuele Dalla Bona,24,MF,16,4.0,6,3.0,0.0,0.0,5,0.0,,,,,1981-02-06,8,2001-08-01,20.0,5.0,26.0
2001-02,Italy,Gianfranco Zola,25,FW,19,3.0,6,4.0,1.0,1.0,5,0.0,,,,,1966-07-05,16,2001-08-01,35.0,0.0,27.0
2001-02,Germany,Robert Huth,29,DF,0,0.0,0,0.0,0.0,0.0,0,0.0,,,,,1984-08-18,1,2001-08-01,16.0,11.0,14.0
2001-02,England,Carlton Cole,39,FW,2,1.0,0,0.0,0.0,0.0,0,0.0,,,,,1983-10-12,1,2001-08-01,17.0,9.0,20.0
2001-02,Australia,Mark Bosnich,31,GK,5,0.0,0,2.0,0.0,0.0,0,0.0,,,,,1972-01-13,0,2001-08-01,29.0,6.0,19.0
2001-02,Finland,Mikael Forssell,32,FW,2,4.0,6,3.0,3.0,0.0,4,2.0,,,,,1981-03-15,20,2001-08-01,20.0,4.0,17.0
2001-02,England,Joel Kitamirike,33,DF,0,0.0,0,1.0,0.0,0.0,0,0.0,,,,,1984-04-05,0,2001-08-01,17.0,3.0,27.0
2001-02,England,Joe Keenan,36,MF,0,0.0,0,0.0,0.0,0.0,0,0.0,,,,,1982-10-14,1,2001-08-01,18.0,9.0,18.0
2001-02,Iceland,Eiður Guðjohnsen,22,FW,26,14.0,7,3.0,3.0,3.0,5,3.0,,,,,1978-09-15,6,2001-08-01,22.0,10.0,17.0
2001-02,Denmark,Jesper Grønkjær,30,FW,11,0.0,3,0.0,0.0,0.0,0,0.0,,,,,1977-08-12,2,2001-08-01,23.0,11.0,20.0
2001-02,England,Jody Morris,20,MF,2,0.0,2,1.0,0.0,0.0,2,0.0,,,,,1978-12-22,3,2001-08-01,22.0,7.0,10.0
2001-02,SerbiaandMontenegro,Slaviša Jokanović,10,MF,12,0.0,5,3.0,0.0,0.0,3,0.0,,,,,1968-08-16,8,2001-08-01,32.0,11.0,16.0
2001-02,France,Emmanuel Petit,17,MF,26,1.0,6,3.0,0.0,0.0,2,0.0,,,,,1970-09-22,1,2001-08-01,30.0,10.0,10.0
2001-02,Spain,Albert Ferrer,18,DF,2,0.0,4,0.0,0.0,0.0,2,0.0,,,,,1970-06-06,2,2001-08-01,31.0,1.0,26.0
2001-02,Nigeria,Celestine Babayaro,3,DF,18,0.0,4,2.0,0.0,0.0,4,0.0,,,,,1978-08-29,0,2001-08-01,22.0,11.0,3.0
2001-02,France,Marcel Desailly,6,DF,24,1.0,8,2.0,0.0,0.0,3,0.0,,,,,1968-09-07,0,2001-08-01,32.0,10.0,25.0
2001-02,England,Frank Lampard,8,MF,34,5.0,8,4.0,1.0,1.0,4,0.0,,,,,1982-05-20,3,2001-08-01,19.0,2.0,12.0
2001-02,Netherlands,Jimmy Floyd Hasselbaink,9,FW,35,23.0,7,2.0,3.0,0.0,4,3.0,,,,,1972-03-27,0,2001-08-01,29.0,4.0,5.0
2001-02,Netherlands,Ed de Goeij,1,GK,6,0.0,0,2.0,0.0,0.0,0,0.0,,,,,1966-12-20,0,2001-08-01,34.0,7.0,12.0
2001-02,Netherlands,Boudewijn Zenden,11,MF,13,3.0,3,3.0,0.0,0.0,4,0.0,,,,,1976-08-15,9,2001-08-01,24.0,11.0,17.0
2001-02,Croatia,Mario Stanić,12,FW,18,1.0,4,2.0,1.0,0.0,2,0.0,,,,,1972-04-10,9,2001-08-01,29.0,3.0,22.0
2001-02,France,William Gallas,13,DF,27,1.0,4,3.0,1.0,0.0,4,0.0,,,,,1977-08-17,3,2001-08-01,23.0,11.0,15.0
2001-02,England,Graeme Le Saux,14,DF,26,1.0,8,2.0,1.0,0.0,3,0.0,,,,,1968-10-17,1,2001-08-01,32.0,9.0,15.0
2001-02,Netherlands,Mario Melchiot,15,DF,35,2.0,6,3.0,0.0,0.0,4,0.0,,,,,1976-11-04,2,2001-08-01,24.0,8.0,28.0
2002-03,England,Carlton Cole,39,FW,2,3.0,2,0.0,1.0,0.0,1,2.0,,,,,1983-10-12,11,2002-08-01,18.0,9.0,20.0
2002-03,England,Joe Keenan,36,MF,0,0.0,0,0.0,0.0,0.0,0,0.0,,,,,1982-10-14,1,2002-08-01,19.0,9.0,18.0
2002-03,Germany,Robert Huth,29,DF,2,0.0,1,2.0,0.0,0.0,0,0.0,,,,,1984-08-18,0,2002-08-01,17.0,11.0,14.0
2002-03,Portugal,Filipe Oliveira,28,MF,0,0.0,0,1.0,0.0,0.0,1,0.0,,,,,1984-05-27,3,2002-08-01,18.0,2.0,5.0
2002-03,England,John Terry,26,DF,16,2.0,5,2.0,2.0,0.0,3,0.0,,,,,1980-12-07,4,2002-08-01,21.0,7.0,25.0
2002-03,Italy,Gianfranco Zola,25,FW,30,14.0,3,2.0,2.0,0.0,3,0.0,,,,,1966-07-05,8,2002-08-01,36.0,0.0,27.0
2002-03,Italy,Carlo Cudicini,23,GK,36,0.0,5,2.0,0.0,0.0,3,0.0,,,,,1973-09-06,0,2002-08-01,28.0,10.0,26.0
2002-03,Iceland,Eiður Guðjohnsen,22,FW,20,10.0,5,2.0,0.0,0.0,2,0.0,,,,,1978-09-15,15,2002-08-01,23.0,10.0,17.0
2002-03,Spain,Enrique de Lucas,21,MF,17,0.0,2,1.0,0.0,1.0,3,0.0,,,,,1978-08-17,8,2002-08-01,23.0,11.0,15.0
2002-03,England,Jody Morris,20,MF,19,0.0,3,2.0,1.0,0.0,3,0.0,,,,,1978-12-22,6,2002-08-01,23.0,7.0,10.0
2002-03,France,Emmanuel Petit,17,MF,23,1.0,5,1.0,0.0,0.0,1,1.0,,,,,1970-09-22,1,2002-08-01,31.0,10.0,10.0
2002-03,Denmark,Jesper Grønkjær,30,MF,20,4.0,5,2.0,1.0,0.0,2,0.0,,,,,1977-08-12,10,2002-08-01,24.0,11.0,20.0
2002-03,England,Graeme Le Saux,14,DF,27,2.0,3,1.0,0.0,0.0,2,0.0,,,,,1968-10-17,1,2002-08-01,33.0,9.0,15.0
2002-03,Netherlands,Ed de Goeij,1,GK,2,0.0,1,0.0,0.0,0.0,0,0.0,,,,,1966-12-20,0,2002-08-01,35.0,7.0,12.0
2002-03,Spain,Albert Ferrer,2,DF,3,0.0,1,0.0,0.0,0.0,0,0.0,,,,,1970-06-06,0,2002-08-01,32.0,1.0,26.0
2002-03,Netherlands,Mario Melchiot,15,DF,31,0.0,5,0.0,0.0,0.0,2,0.0,,,,,1976-11-04,3,2002-08-01,25.0,8.0,28.0
2002-03,France,Marcel Desailly,6,DF,30,2.0,1,1.0,0.0,0.0,0,0.0,,,,,1968-09-07,1,2002-08-01,33.0,10.0,25.0
2002-03,Netherlands,Winston Bogarde,7,DF,0,0.0,0,0.0,0.0,0.0,1,0.0,,,,,1970-10-22,0,2002-08-01,31.0,9.0,10.0
2002-03,Nigeria,Celestine Babayaro,3,DF,16,1.0,3,0.0,0.0,0.0,2,0.0,,,,,1978-08-29,3,2002-08-01,23.0,11.0,3.0
2002-03,Netherlands,Jimmy Floyd Hasselbaink,9,FW,27,11.0,4,2.0,1.0,1.0,2,2.0,,,,,1972-03-27,9,2002-08-01,30.0,4.0,5.0
2002-03,Netherlands,Boudewijn Zenden,11,MF,11,1.0,4,1.0,0.0,0.0,1,0.0,,,,,1976-08-15,10,2002-08-01,25.0,11.0,17.0
2002-03,Croatia,Mario Stanić,12,MF,13,4.0,3,2.0,1.0,0.0,2,1.0,,,,,1972-04-10,5,2002-08-01,30.0,3.0,22.0
2002-03,France,William Gallas,13,DF,36,4.0,5,2.0,0.0,0.0,3,0.0,,,,,1977-08-17,2,2002-08-01,24.0,11.0,15.0
2002-03,England,Frank Lampard,8,MF,37,6.0,5,2.0,1.0,1.0,3,0.0,,,,,1982-05-20,1,2002-08-01,20.0,2.0,12.0
2003-04,England,John Terry,26,DF,33,2.0,3,,1.0,,2,0.0,13.0,0.0,,,1980-12-07,0,2003-08-01,22.0,7.0,25.0
2003-04,Argentina,Hernán Crespo,21,FW,13,10.0,0,,0.0,,2,0.0,10.0,2.0,,,1975-07-05,6,2003-08-01,28.0,0.0,27.0
2003-04,Iceland,Eiður Guðjohnsen,22,FW,17,6.0,4,,2.0,,1,2.0,10.0,3.0,,,1978-09-15,9,2003-08-01,24.0,10.0,17.0
2003-04,Italy,Carlo Cudicini,23,GK,26,0.0,3,,0.0,,0,0.0,11.0,0.0,,,1973-09-06,0,2003-08-01,29.0,10.0,26.0
2003-04,Cyprus,Alexis Nicolas,27,MF,1,0.0,1,,0.0,,0,0.0,0.0,0.0,,,1983-02-13,1,2003-08-01,20.0,5.0,19.0
2003-04,Scotland,Neil Sullivan,34,GK,4,0.0,2,,0.0,,2,0.0,0.0,0.0,,,1970-02-24,0,2003-08-01,33.0,5.0,8.0
2003-04,Germany,Robert Huth,29,DF,8,0.0,1,,0.0,,1,0.0,2.0,1.0,,,1984-08-18,8,2003-08-01,18.0,11.0,14.0
2003-04,Denmark,Jesper Grønkjær,30,MF,19,2.0,4,,0.0,,3,0.0,10.0,1.0,,,1977-08-12,12,2003-08-01,25.0,11.0,20.0
2003-04,Italy,Marco Ambrosio,31,GK,8,0.0,1,,0.0,,1,0.0,3.0,0.0,,,1973-05-30,0,2003-08-01,30.0,2.0,2.0
2003-04,Finland,Mikael Forssell,32,FW,0,0.0,0,,0.0,,0,0.0,1.0,0.0,,,1981-03-15,0,2003-08-01,22.0,4.0,17.0
2003-04,Argentina,Juan Sebastián Verón,20,MF,5,1.0,0,,0.0,,1,0.0,6.0,0.0,,,1975-03-09,2,2003-08-01,28.0,4.0,23.0
2003-04,Portugal,Filipe Oliveira,28,MF,0,0.0,1,,0.0,,0,0.0,0.0,0.0,,,1984-05-27,1,2003-08-01,19.0,2.0,5.0
2003-04,England,Wayne Bridge,18,DF,33,1.0,2,,0.0,,0,0.0,13.0,2.0,,,1980-08-05,0,2003-08-01,22.0,11.0,27.0
2003-04,England,Scott Parker,19,MF,7,1.0,1,,0.0,,0,0.0,5.0,0.0,,,1980-10-13,4,2003-08-01,22.0,9.0,19.0
2003-04,Netherlands,Mario Melchiot,15,DF,20,2.0,3,,0.0,,2,0.0,5.0,0.0,,,1976-11-04,3,2003-08-01,26.0,8.0,28.0
2003-04,France,Emmanuel Petit,17,MF,3,0.0,1,,0.0,,0,0.0,2.0,0.0,,,1970-09-22,1,2003-08-01,32.0,10.0,10.0
2003-04,England,Glen Johnson,2,DF,17,3.0,0,,0.0,,3,0.0,9.0,1.0,,,1984-08-23,2,2003-08-01,18.0,11.0,9.0
2003-04,Nigeria,Celestine Babayaro,3,DF,5,1.0,2,,0.0,,3,0.0,3.0,0.0,,,1978-08-29,1,2003-08-01,24.0,11.0,3.0
2003-04,France,Claude Makélélé,4,MF,26,0.0,3,,0.0,,2,0.0,11.0,0.0,,,1973-02-18,4,2003-08-01,30.0,5.0,14.0
2003-04,France,Marcel Desailly,6,DF,15,0.0,1,,0.0,,1,0.0,8.0,0.0,,,1968-09-07,0,2003-08-01,34.0,10.0,25.0
2003-04,England,Frank Lampard,8,MF,38,10.0,4,,1.0,,2,0.0,14.0,4.0,,,1982-05-20,0,2003-08-01,21.0,2.0,12.0
2003-04,Romania,Adrian Mutu,7,FW,21,6.0,3,,3.0,,1,0.0,7.0,1.0,,,1979-01-08,4,2003-08-01,24.0,6.0,24.0
2003-04,England,Joe Cole,10,MF,18,1.0,3,,0.0,,3,2.0,9.0,0.0,,,1981-11-08,17,2003-08-01,21.0,8.0,24.0
2003-04,RepublicofIreland,Damien Duff,11,MF,17,5.0,1,,0.0,,2,0.0,11.0,1.0,,,1979-03-02,6,2003-08-01,24.0,4.0,30.0
2003-04,Croatia,Mario Stanić,12,MF,0,0.0,0,,0.0,,2,0.0,1.0,0.0,,,1972-04-10,2,2003-08-01,31.0,3.0,22.0
2003-04,France,William Gallas,13,DF,23,0.0,4,,0.0,,1,0.0,11.0,1.0,,,1977-08-17,6,2003-08-01,25.0,11.0,15.0
2003-04,Cameroon,Geremi,14,MF,19,1.0,1,,0.0,,3,0.0,10.0,0.0,,,1978-12-20,6,2003-08-01,24.0,7.0,12.0
2003-04,Netherlands,Jimmy Floyd Hasselbaink,9,FW,22,13.0,3,,1.0,,3,2.0,8.0,2.0,,,1972-03-27,8,2003-08-01,31.0,4.0,5.0
2004-05,England,John Terry,26,DF,36,3.0,5,,0.0,,1,1.0,11.0,4.0,,,1980-12-07,0,2004-08-01,23.0,7.0,25.0
2004-05,Portugal,Paulo Ferreira,20,DF,29,0.0,1,,0.0,,5,0.0,7.0,0.0,,,1979-01-18,0,2004-08-01,25.0,6.0,14.0
2004-05,Iceland,Eiður Guðjohnsen,22,FW,30,12.0,3,,1.0,,6,1.0,11.0,2.0,,,1978-09-15,7,2004-08-01,25.0,10.0,17.0
2004-05,Italy,Carlo Cudicini,23,GK,3,0.0,3,,0.0,,4,0.0,1.0,0.0,,,1973-09-06,0,2004-08-01,30.0,10.0,26.0
2004-05,Finland,Mikael Forssell,24,FW,0,0.0,0,,0.0,,0,0.0,1.0,0.0,,,1981-03-15,1,2004-08-01,23.0,4.0,17.0
2004-05,CzechRepublic,Jiří Jarošík,27,MF,3,0.0,3,,0.0,,3,0.0,0.0,0.0,,,1977-10-27,11,2004-08-01,26.0,9.0,5.0
2004-05,England,Anthony Grant,42,MF,0,0.0,0,,0.0,,0,0.0,0.0,0.0,,,1987-06-04,1,2004-08-01,17.0,1.0,28.0
2004-05,Portugal,Tiago Mendes,30,MF,21,4.0,2,,0.0,,4,0.0,11.0,0.0,,,1981-05-02,13,2004-08-01,23.0,2.0,30.0
2004-05,Portugal,Filipe Oliveira,31,MF,0,0.0,0,,0.0,,0,0.0,0.0,0.0,,,1984-05-27,1,2004-08-01,20.0,2.0,5.0
2004-05,Scotland,Steven Watt,32,DF,0,0.0,1,,0.0,,0,0.0,0.0,0.0,,,1985-05-01,1,2004-08-01,19.0,3.0,0.0
2004-05,Portugal,Nuno Morais,33,DF,0,0.0,1,,0.0,,0,0.0,1.0,0.0,,,1984-01-29,2,2004-08-01,20.0,6.0,3.0
2004-05,England,Lenny Pidgeley,40,GK,0,0.0,0,,0.0,,0,0.0,0.0,0.0,,,1984-02-07,1,2004-08-01,20.0,5.0,25.0
2004-05,England,Scott Parker,19,MF,1,0.0,0,,0.0,,3,0.0,4.0,0.0,,,1980-10-13,3,2004-08-01,23.0,9.0,19.0
2004-05,Germany,Robert Huth,29,DF,6,0.0,1,,1.0,,0,0.0,4.0,0.0,,,1984-08-18,4,2004-08-01,19.0,11.0,14.0
2004-05,England,Wayne Bridge,18,DF,12,0.0,2,,0.0,,4,0.0,4.0,0.0,,,1980-08-05,3,2004-08-01,23.0,11.0,27.0
2004-05,CzechRepublic,Petr Čech,1,GK,35,0.0,0,,0.0,,2,0.0,11.0,0.0,,,1982-05-20,0,2004-08-01,22.0,2.0,12.0
2004-05,IvoryCoast,Didier Drogba,15,FW,18,10.0,2,,0.0,,4,1.0,9.0,5.0,,,1978-03-11,8,2004-08-01,26.0,4.0,21.0
2004-05,Netherlands,Arjen Robben,16,MF,14,7.0,2,,0.0,,4,1.0,5.0,1.0,,,1984-01-23,4,2004-08-01,20.0,6.0,9.0
2004-05,Nigeria,Celestine Babayaro,3,DF,3,0.0,0,,0.0,,1,0.0,0.0,0.0,,,1978-08-29,1,2004-08-01,25.0,11.0,3.0
2004-05,France,Claude Makélélé,4,MF,36,1.0,0,,0.0,,4,0.0,10.0,0.0,,,1973-02-18,0,2004-08-01,31.0,5.0,14.0
2004-05,Russia,Alexey Smertin,5,MF,11,0.0,3,,0.0,,1,0.0,5.0,1.0,,,1975-05-01,5,2004-08-01,29.0,3.0,0.0
2004-05,Portugal,Ricardo Carvalho,6,DF,22,1.0,1,,0.0,,3,0.0,10.0,0.0,,,1978-05-18,3,2004-08-01,26.0,2.0,14.0
2004-05,Romania,Adrian Mutu,7,FW,0,0.0,0,,0.0,,0,0.0,0.0,0.0,,,1979-01-08,2,2004-08-01,25.0,6.0,24.0
2004-05,England,Glen Johnson,2,DF,13,0.0,3,,0.0,,3,0.0,6.0,0.0,,,1984-08-23,3,2004-08-01,19.0,11.0,9.0
2004-05,SerbiaandMontenegro,Mateja Kežman,9,FW,6,4.0,3,,1.0,,4,2.0,9.0,0.0,,,1979-04-12,19,2004-08-01,25.0,3.0,20.0
2004-05,England,Joe Cole,10,MF,19,8.0,3,,0.0,,6,0.0,9.0,1.0,,,1981-11-08,9,2004-08-01,22.0,8.0,24.0
2004-05,RepublicofIreland,Damien Duff,11,MF,28,6.0,2,,0.0,,6,2.0,10.0,2.0,,,1979-03-02,2,2004-08-01,25.0,4.0,30.0
2004-05,France,William Gallas,13,DF,28,2.0,1,,0.0,,5,0.0,12.0,0.0,,,1977-08-17,0,2004-08-01,26.0,11.0,15.0
2004-05,Cameroon,Geremi,14,MF,6,0.0,2,,0.0,,1,0.0,4.0,0.0,,,1978-12-20,7,2004-08-01,25.0,7.0,12.0
2004-05,England,Frank Lampard,8,MF,38,13.0,2,,0.0,,6,2.0,12.0,4.0,,,1982-05-20,0,2004-08-01,22.0,2.0,12.0
2005-06,Netherlands,Arjen Robben,16,MF,21,6.0,4,,1.0,,1,0.0,6.0,0.0,,,1984-01-23,7,2005-08-01,21.0,6.0,9.0
2005-06,England,Wayne Bridge,18,DF,0,0.0,1,,0.0,,1,0.0,0.0,0.0,,,1980-08-05,0,2005-08-01,24.0,11.0,27.0
2005-06,Portugal,Paulo Ferreira,20,DF,18,0.0,3,,1.0,,1,0.0,6.0,0.0,,,1979-01-18,3,2005-08-01,26.0,6.0,14.0
2005-06,Iceland,Eiður Guðjohnsen,22,FW,16,2.0,3,,1.0,,1,0.0,6.0,0.0,,,1978-09-15,10,2005-08-01,26.0,10.0,17.0
2005-06,Italy,Carlo Cudicini,23,GK,3,0.0,6,,0.0,,1,0.0,1.0,0.0,,,1973-09-06,1,2005-08-01,31.0,10.0,26.0
2005-06,Germany,Robert Huth,29,DF,7,0.0,4,,0.0,,1,0.0,3.0,0.0,,,1984-08-18,6,2005-08-01,20.0,11.0,14.0
2005-06,England,John Terry,26,DF,36,4.0,4,,2.0,,1,1.0,8.0,0.0,,,1980-12-07,0,2005-08-01,24.0,7.0,25.0
2005-06,England,Jimmy Smith,37,MF,0,0.0,0,,0.0,,0,0.0,0.0,0.0,,,,1,2005-08-01,,,
2005-06,England,Lenny Pidgeley,40,GK,1,0.0,0,,0.0,,0,0.0,0.0,0.0,,,1984-02-07,0,2005-08-01,21.0,5.0,25.0
2005-06,IvoryCoast,Didier Drogba,15,FW,20,12.0,3,,1.0,,1,0.0,7.0,1.0,,,1978-03-11,9,2005-08-01,27.0,4.0,21.0
2005-06,England,Shaun Wright-Phillips,24,MF,10,0.0,4,,0.0,,1,0.0,6.0,0.0,,,1981-10-25,17,2005-08-01,23.0,9.0,7.0
2005-06,Cameroon,Geremi,14,MF,8,2.0,3,,0.0,,1,0.0,2.0,0.0,,,1978-12-20,7,2005-08-01,26.0,7.0,12.0
2005-06,France,Lassana Diarra,19,MF,2,0.0,2,,0.0,,0,0.0,2.0,0.0,,,1985-03-10,1,2005-08-01,20.0,4.0,22.0
2005-06,England,Carlton Cole,12,FW,0,0.0,2,,1.0,,0,0.0,2.0,0.0,,,1983-10-12,9,2005-08-01,21.0,9.0,20.0
2005-06,England,Glen Johnson,2,DF,4,0.0,4,,0.0,,0,0.0,0.0,0.0,,,1984-08-23,0,2005-08-01,20.0,11.0,9.0
2005-06,Spain,Asier del Horno,3,DF,25,1.0,4,,0.0,,0,0.0,4.0,0.0,,,1981-01-19,0,2005-08-01,24.0,6.0,13.0
2005-06,France,Claude Makélélé,4,MF,29,0.0,3,,0.0,,0,0.0,6.0,0.0,,,1973-02-18,2,2005-08-01,32.0,5.0,14.0
2005-06,Ghana,Michael Essien,5,MF,27,2.0,4,,0.0,,0,0.0,6.0,0.0,,,1982-12-03,4,2005-08-01,22.0,7.0,29.0
2005-06,Portugal,Ricardo Carvalho,6,DF,22,1.0,3,,0.0,,0,0.0,8.0,2.0,,,1978-05-18,2,2005-08-01,27.0,2.0,14.0
2005-06,CzechRepublic,Petr Čech,1,GK,34,0.0,0,,0.0,,0,0.0,7.0,0.0,,,1982-05-20,0,2005-08-01,23.0,2.0,12.0
2005-06,England,Frank Lampard,8,MF,35,16.0,5,,2.0,,1,0.0,8.0,2.0,,,1982-05-20,0,2005-08-01,23.0,2.0,12.0
2005-06,France,William Gallas,13,DF,33,5.0,3,,0.0,,0,0.0,7.0,0.0,,,1977-08-17,1,2005-08-01,27.0,11.0,15.0
2005-06,Argentina,Hernán Crespo,9,FW,20,10.0,5,,1.0,,1,0.0,5.0,2.0,,,1975-07-05,10,2005-08-01,30.0,0.0,27.0
2005-06,England,Joe Cole,10,MF,26,7.0,6,,2.0,,1,0.0,6.0,1.0,,,1981-11-08,8,2005-08-01,23.0,8.0,24.0
2005-06,RepublicofIreland,Damien Duff,11,MF,18,3.0,5,,0.0,,0,0.0,6.0,0.0,,,1979-03-02,10,2005-08-01,26.0,4.0,30.0
2005-06,Portugal,Maniche,7,MF,3,0.0,0,,0.0,,0,0.0,3.0,0.0,,,1977-11-11,5,2005-08-01,27.0,8.0,21.0
2006-07,Portugal,Paulo Ferreira,20,DF,18,0.0,5,,0.0,,2,0.0,6.0,0.0,,,1979-01-18,6,2006-08-01,27.0,6.0,14.0
2006-07,IvoryCoast,Salomon Kalou,21,FW,19,7.0,7,,1.0,,6,1.0,11.0,0.0,,,1985-08-05,14,2006-08-01,20.0,11.0,27.0
2006-07,Italy,Carlo Cudicini,23,GK,7,-3.0,0,,0.0,,1,0.0,1.0,-1.0,,,1973-09-06,1,2006-08-01,32.0,10.0,26.0
2006-07,England,Shaun Wright-Phillips,24,MF,13,2.0,7,,3.0,,3,0.0,6.0,1.0,,,1981-10-25,14,2006-08-01,24.0,9.0,7.0
2006-07,England,John Terry,26,DF,27,1.0,4,,0.0,,2,0.0,10.0,0.0,,,1980-12-07,1,2006-08-01,25.0,7.0,25.0
2006-07,Israel,Ben Sahar,47,FW,0,0.0,1,,0.0,,1,0.0,0.0,0.0,,,1989-08-10,3,2006-08-01,16.0,11.0,22.0
2006-07,Portugal,Henrique Hilário,40,GK,11,-12.0,1,,-1.0,,3,-1.0,3.0,-2.0,,,1975-10-21,0,2006-08-01,30.0,9.0,11.0
2006-07,England,Michael Woods,48,MF,0,0.0,2,,0.0,,0,0.0,0.0,0.0,,,1990-04-06,0,2006-08-01,16.0,3.0,26.0
2006-07,England,Scott Sinclair,49,FW,1,0.0,0,,0.0,,1,0.0,0.0,0.0,,,1989-03-25,1,2006-08-01,17.0,4.0,7.0
2006-07,England,Sam Hutchinson,51,DF,0,0.0,0,,0.0,,0,0.0,0.0,0.0,,,1989-08-03,1,2006-08-01,16.0,11.0,29.0
2006-07,France,Lassana Diarra,19,MF,7,0.0,4,,0.0,,3,0.0,5.0,0.0,,,1985-03-10,3,2006-08-01,21.0,4.0,22.0
2006-07,Portugal,Nuno Morais,33,DF,0,0.0,2,,0.0,,1,0.0,0.0,0.0,,,1984-01-29,2,2006-08-01,22.0,6.0,3.0
2006-07,England,Wayne Bridge,18,DF,17,0.0,3,,0.0,,4,1.0,3.0,0.0,,,1980-08-05,5,2006-08-01,25.0,11.0,27.0
2006-07,Netherlands,Arjen Robben,16,MF,16,2.0,4,,0.0,,3,0.0,8.0,1.0,,,1984-01-23,5,2006-08-01,22.0,6.0,9.0
2006-07,Cameroon,Geremi,14,MF,15,1.0,3,,0.0,,3,0.0,2.0,0.0,,,1978-12-20,4,2006-08-01,27.0,7.0,12.0
2006-07,CzechRepublic,Petr Čech,1,GK,20,-9.0,6,,-5.0,,2,-1.0,8.0,-5.0,,,1982-05-20,0,2006-08-01,24.0,2.0,12.0
2006-07,England,Ashley Cole,3,DF,21,0.0,5,,0.0,,3,0.0,9.0,0.0,,,1980-12-20,2,2006-08-01,25.0,7.0,12.0
2006-07,France,Claude Makélélé,4,MF,26,1.0,2,,0.0,,6,0.0,9.0,0.0,,,1973-02-18,3,2006-08-01,33.0,5.0,14.0
2006-07,Portugal,Ricardo Carvalho,6,DF,31,3.0,5,,1.0,,4,0.0,10.0,0.0,,,1978-05-18,0,2006-08-01,28.0,2.0,14.0
2006-07,Ukraine,Andriy Shevchenko,7,FW,22,4.0,6,,3.0,,4,3.0,10.0,3.0,,,1976-09-29,8,2006-08-01,29.0,10.0,3.0
2006-07,Ghana,Michael Essien,5,MF,33,2.0,5,,1.0,,6,1.0,10.0,2.0,,,1982-12-03,0,2006-08-01,23.0,7.0,29.0
2006-07,Netherlands,Khalid Boulahrouz,9,DF,10,0.0,2,,0.0,,3,0.0,5.0,0.0,,,1981-12-28,3,2006-08-01,24.0,7.0,4.0
2006-07,England,Joe Cole,10,MF,3,0.0,2,,0.0,,2,1.0,7.0,1.0,,,1981-11-08,10,2006-08-01,24.0,8.0,24.0
2006-07,IvoryCoast,Didier Drogba,11,FW,32,20.0,6,,3.0,,5,4.0,12.0,6.0,,,1978-03-11,4,2006-08-01,28.0,4.0,21.0
2006-07,Nigeria,John Obi Mikel,12,MF,10,0.0,6,,2.0,,4,0.0,9.0,0.0,,,1987-04-22,12,2006-08-01,19.0,3.0,10.0
2006-07,Germany,Michael Ballack,13,MF,23,5.0,3,,1.0,,6,0.0,10.0,2.0,,,1976-09-26,3,2006-08-01,29.0,10.0,6.0
2006-07,England,Frank Lampard,8,MF,36,11.0,7,,6.0,,6,3.0,11.0,1.0,,,1982-05-20,1,2006-08-01,24.0,2.0,12.0
2007-08,England,Shaun Wright-Phillips,24,MF,20,2.0,3,,1.0,,5,1.0,5.0,0.0,,,1981-10-25,7,2007-08-01,25.0,9.0,7.0
2007-08,Nigeria,John Obi Mikel,12,MF,21,0.0,2,,0.0,,3,0.0,4.0,0.0,,,1987-04-22,8,2007-08-01,20.0,3.0,10.0
2007-08,Germany,Michael Ballack,13,MF,16,7.0,2,,0.0,,3,0.0,7.0,2.0,,,1976-09-26,2,2007-08-01,30.0,10.0,6.0
2007-08,France,Florent Malouda,15,MF,16,2.0,2,,0.0,,3,0.0,11.0,1.0,,,1980-06-13,5,2007-08-01,27.0,1.0,19.0
2007-08,England,Scott Sinclair,17,MF,0,0.0,2,,0.0,,3,1.0,0.0,0.0,,,1989-03-25,1,2007-08-01,18.0,4.0,7.0
2007-08,Ukraine,Andriy Shevchenko,7,FW,8,5.0,1,,0.0,,2,2.0,5.0,1.0,,,1976-09-29,9,2007-08-01,30.0,10.0,3.0
2007-08,France,Lassana Diarra,19,MF,0,0.0,0,,0.0,,0,0.0,0.0,0.0,,,1985-03-10,0,2007-08-01,22.0,4.0,22.0
2007-08,Peru,Claudio Pizarro,14,FW,4,2.0,4,,0.0,,4,0.0,2.0,0.0,,,1978-10-03,17,2007-08-01,28.0,9.0,29.0
2007-08,IvoryCoast,Salomon Kalou,21,FW,24,7.0,3,,1.0,,4,2.0,11.0,1.0,,,1985-08-05,6,2007-08-01,21.0,11.0,27.0
2007-08,France,Nicolas Anelka,39,FW,10,1.0,3,,1.0,,2,0.0,5.0,0.0,,,1979-03-14,4,2007-08-01,28.0,4.0,18.0
2007-08,England,Glen Johnson,2,DF,1,0.0,0,,0.0,,0,0.0,0.0,0.0,,,1984-08-23,1,2007-08-01,22.0,11.0,9.0
2007-08,England,Joe Cole,10,MF,28,7.0,3,,0.0,,5,1.0,13.0,2.0,,,1981-11-08,5,2007-08-01,25.0,8.0,24.0
2007-08,IvoryCoast,Didier Drogba,11,FW,17,8.0,1,,0.0,,1,1.0,11.0,6.0,,,1978-03-11,2,2007-08-01,29.0,4.0,21.0
2007-08,England,Steve Sidwell,9,MF,7,0.0,3,,0.0,,5,1.0,1.0,0.0,,,1982-12-14,8,2007-08-01,24.0,7.0,18.0
2007-08,CzechRepublic,Petr Čech,1,GK,26,0.0,1,,0.0,,3,0.0,9.0,0.0,,,1982-05-20,0,2007-08-01,25.0,2.0,12.0
2007-08,Ghana,Michael Essien,5,MF,23,6.0,2,,0.0,,4,0.0,12.0,0.0,,,1982-12-03,4,2007-08-01,24.0,7.0,29.0
2007-08,England,Frank Lampard,8,MF,23,10.0,1,,2.0,,3,4.0,14.0,4.0,,,1982-05-20,1,2007-08-01,25.0,2.0,12.0
2007-08,Italy,Carlo Cudicini,23,GK,10,0.0,2,,0.0,,2,0.0,5.0,0.0,,,1973-09-06,0,2007-08-01,33.0,10.0,26.0
2007-08,Portugal,Henrique Hilário,40,GK,2,0.0,1,,0.0,,1,0.0,1.0,0.0,,,1975-10-21,1,2007-08-01,31.0,9.0,11.0
2007-08,Portugal,Ricardo Carvalho,6,DF,21,1.0,2,,0.0,,4,0.0,10.0,0.0,,,1978-05-18,0,2007-08-01,29.0,2.0,14.0
2007-08,England,Wayne Bridge,18,DF,9,0.0,3,,0.0,,5,0.0,3.0,0.0,,,1980-08-05,2,2007-08-01,26.0,11.0,27.0
2007-08,England,Ashley Cole,3,DF,27,1.0,1,,0.0,,2,0.0,10.0,0.0,,,1980-12-20,0,2007-08-01,26.0,7.0,12.0
2007-08,Israel,Tal Ben Haim,22,DF,10,0.0,2,,0.0,,5,0.0,2.0,0.0,,,1982-03-31,3,2007-08-01,25.0,4.0,1.0
2007-08,England,John Terry,26,DF,23,1.0,2,,0.0,,2,0.0,10.0,0.0,,,1980-12-07,0,2007-08-01,26.0,7.0,25.0
2007-08,Brazil,Alex,33,DF,22,2.0,2,,0.0,,3,0.0,6.0,1.0,,,1982-06-17,6,2007-08-01,25.0,1.0,15.0
2007-08,Brazil,Juliano Belletti,35,DF,20,2.0,2,,0.0,,6,0.0,7.0,0.0,,,1976-06-20,3,2007-08-01,31.0,1.0,12.0
2007-08,France,Claude Makélélé,4,MF,15,0.0,1,,0.0,,2,0.0,13.0,0.0,,,1973-02-18,3,2007-08-01,34.0,5.0,14.0
2007-08,Portugal,Paulo Ferreira,20,DF,15,0.0,3,,0.0,,2,0.0,5.0,0.0,,,1979-01-18,3,2007-08-01,28.0,6.0,14.0
2008-09,England,Shaun Wright-Phillips,24,MF,0,0.0,0,,0.0,,0,0.0,0.0,0.0,,,1981-10-25,1,2008-08-01,26.0,9.0,7.0
2008-09,Portugal,Deco,20,MF,17,3.0,1,,0.0,,1,0.0,4.0,0.0,,,1977-08-27,7,2008-08-01,30.0,11.0,5.0
2008-09,IvoryCoast,Salomon Kalou,21,FW,17,6.0,6,,2.0,,2,1.0,8.0,1.0,,,1985-08-05,10,2008-08-01,22.0,11.0,27.0
2008-09,Slovakia,Miroslav Stoch,43,FW,0,0.0,1,,0.0,,0,0.0,0.0,0.0,,,1989-10-19,4,2008-08-01,18.0,9.0,13.0
2008-09,Italy,Carlo Cudicini,23,GK,2,0.0,1,,-1.0,,1,-1.0,0.0,0.0,,,1973-09-06,0,2008-08-01,34.0,10.0,26.0
2008-09,England,John Terry,26,DF,35,1.0,4,,0.0,,1,0.0,11.0,2.0,,,1980-12-07,0,2008-08-01,27.0,7.0,25.0
2008-09,England,Michael Mancienne,42,DF,2,0.0,1,,0.0,,0,0.0,1.0,0.0,,,1988-01-08,2,2008-08-01,20.0,6.0,24.0
2008-09,Brazil,Alex,33,DF,22,2.0,6,,1.0,,2,0.0,9.0,1.0,,,1982-06-17,1,2008-08-01,26.0,1.0,15.0
2008-09,Brazil,Juliano Belletti,35,DF,5,3.0,4,,0.0,,2,0.0,8.0,0.0,,,1976-06-20,14,2008-08-01,32.0,1.0,12.0
2008-09,France,Nicolas Anelka,39,FW,33,19.0,5,,4.0,,0,0.0,12.0,2.0,,,1979-03-14,4,2008-08-01,29.0,4.0,18.0
2008-09,Portugal,Hilário,40,GK,1,0.0,0,,0.0,,0,0.0,0.0,0.0,,,1975-10-21,0,2008-08-01,32.0,9.0,11.0
2008-09,Portugal,Paulo Ferreira,19,DF,1,0.0,1,,0.0,,2,0.0,2.0,0.0,,,1979-01-18,6,2008-08-01,29.0,6.0,14.0
2008-09,Brazil,Mineiro,27,MF,0,0.0,0,,0.0,,1,0.0,0.0,0.0,,,1975-08-02,1,2008-08-01,32.0,11.0,30.0
2008-09,Portugal,Ricardo Quaresma,18,MF,1,0.0,1,,0.0,,0,0.0,0.0,0.0,,,1983-09-26,3,2008-08-01,24.0,10.0,6.0
2008-09,Nigeria,John Obi Mikel,12,MF,34,0.0,5,,0.0,,1,0.0,9.0,0.0,,,1987-04-22,1,2008-08-01,21.0,3.0,10.0
2008-09,Portugal,José Bosingwa,17,DF,34,2.0,4,,0.0,,0,0.0,10.0,0.0,,,1982-08-24,0,2008-08-01,25.0,11.0,8.0
2008-09,CzechRepublic,Petr Čech,1,GK,36,-25.0,6,,-6.0,,1,0.0,12.0,-13.0,,,1982-05-20,0,2008-08-01,26.0,2.0,12.0
2008-09,Serbia,Branislav Ivanović,2,DF,12,0.0,4,,0.0,,2,0.0,4.0,2.0,,,1984-02-22,5,2008-08-01,24.0,5.0,10.0
2008-09,England,Ashley Cole,3,DF,33,1.0,7,,0.0,,0,0.0,9.0,0.0,,,1980-12-20,1,2008-08-01,27.0,7.0,12.0
2008-09,Portugal,Ricardo Carvalho,6,DF,11,1.0,2,,0.0,,0,0.0,4.0,0.0,,,1978-05-18,1,2008-08-01,30.0,2.0,14.0
2008-09,England,Frank Lampard,8,MF,37,12.0,7,,3.0,,2,2.0,11.0,3.0,,,1982-05-20,0,2008-08-01,26.0,2.0,12.0
2008-09,Ghana,Michael Essien,5,MF,11,1.0,3,,0.0,,0,0.0,5.0,2.0,,,1982-12-03,1,2008-08-01,25.0,7.0,29.0
2008-09,England,Joe Cole,10,MF,14,2.0,2,,0.0,,0,0.0,4.0,1.0,,,1981-11-08,0,2008-08-01,26.0,8.0,24.0
2008-09,IvoryCoast,Didier Drogba,11,FW,15,5.0,6,,3.0,,2,1.0,10.0,5.0,,,1978-03-11,9,2008-08-01,30.0,4.0,21.0
2008-09,Germany,Michael Ballack,13,MF,22,1.0,6,,3.0,,1,0.0,10.0,0.0,,,1976-09-26,7,2008-08-01,31.0,10.0,6.0
2008-09,France,Florent Malouda,15,MF,25,6.0,4,,1.0,,2,1.0,10.0,1.0,,,1980-06-13,7,2008-08-01,28.0,1.0,19.0
2008-09,England,Scott Sinclair,16,FW,0,0.0,1,,0.0,,1,0.0,0.0,0.0,,,1989-03-25,2,2008-08-01,19.0,4.0,7.0
2008-09,Argentina,Franco Di Santo,9,FW,0,0.0,3,,0.0,,2,0.0,3.0,0.0,,,1989-04-07,8,2008-08-01,19.0,3.0,25.0
2008-09,England,Wayne Bridge,18,DF,3,0.0,0,,0.0,,2,0.0,4.0,0.0,,,1980-08-05,3,2008-08-01,27.0,11.0,27.0
2009-10,Brazil,Alex,33,DF,13,1.0,6,,0.0,,1,0.0,2.0,0.0,,,1982-06-17,3,2009-08-01,27.0,1.0,15.0
2009-10,England,Ross Turnbull,22,GK,2,0.0,0,,0.0,,1,0.0,2.0,-2.0,,,1985-01-04,0,2009-08-01,24.0,6.0,28.0
2009-10,England,Daniel Sturridge,23,FW,2,1.0,4,,4.0,,1,0.0,2.0,0.0,,,1989-09-01,11,2009-08-01,19.0,11.0,0.0
2009-10,Serbia,Nemanja Matić,24,MF,0,0.0,1,,0.0,,0,0.0,0.0,0.0,,,1988-08-01,2,2009-08-01,21.0,0.0,0.0
2009-10,England,John Terry,26,DF,37,2.0,5,,1.0,,1,0.0,8.0,0.0,,,1980-12-07,0,2009-08-01,28.0,7.0,25.0
2009-10,Netherlands,Patrick van Aanholt,52,DF,0,0.0,0,,0.0,,0,0.0,0.0,0.0,,,1990-08-29,2,2009-08-01,18.0,11.0,3.0
2009-10,Portugal,Henrique Hilário,40,GK,2,0.0,4,,0.0,,3,-3.0,1.0,0.0,,,1975-10-21,1,2009-08-01,33.0,9.0,11.0
2009-10,England,Sam Hutchinson,41,DF,0,0.0,0,,0.0,,1,0.0,0.0,0.0,,,1989-08-03,2,2009-08-01,19.0,11.0,29.0
2009-10,Netherlands,Jeffrey Bruma,43,DF,0,0.0,0,,0.0,,1,0.0,0.0,0.0,,,1991-11-13,2,2009-08-01,17.0,8.0,19.0
2009-10,France,Gaël Kakuta,44,FW,0,0.0,1,,0.0,,1,0.0,1.0,0.0,,,1991-06-21,1,2009-08-01,18.0,1.0,11.0
2009-10,Italy,Fabio Borini,45,FW,0,0.0,2,,0.0,,1,0.0,1.0,0.0,,,1991-03-29,4,2009-08-01,18.0,4.0,3.0
2009-10,IvoryCoast,Salomon Kalou,21,FW,11,5.0,4,,1.0,,3,3.0,6.0,3.0,,,1985-08-05,12,2009-08-01,23.0,11.0,27.0
2009-10,France,Nicolas Anelka,39,FW,31,11.0,4,,1.0,,0,0.0,7.0,3.0,,,1979-03-14,2,2009-08-01,30.0,4.0,18.0
2009-10,Portugal,Deco,20,MF,14,2.0,3,,0.0,,2,1.0,4.0,0.0,,,1977-08-27,5,2009-08-01,31.0,11.0,5.0
2009-10,Brazil,Juliano Belletti,35,DF,4,0.0,3,,0.0,,3,0.0,5.0,0.0,,,1976-06-20,7,2009-08-01,33.0,1.0,12.0
2009-10,Russia,Yuri Zhirkov,18,MF,10,0.0,4,,0.0,,2,0.0,4.0,0.0,,,1983-08-20,7,2009-08-01,25.0,11.0,12.0
2009-10,Portugal,Paulo Ferreira,19,DF,11,0.0,4,,0.0,,3,1.0,0.0,0.0,,,1979-01-18,2,2009-08-01,30.0,6.0,14.0
2009-10,Serbia,Branislav Ivanović,2,DF,25,1.0,3,,0.0,,3,0.0,6.0,0.0,,,1984-02-22,3,2009-08-01,25.0,5.0,10.0
2009-10,England,Ashley Cole,3,DF,25,4.0,2,,0.0,,1,0.0,4.0,0.0,,,1980-12-20,2,2009-08-01,28.0,7.0,12.0
2009-10,Ghana,Michael Essien,5,MF,13,3.0,0,,0.0,,1,0.0,6.0,1.0,,,1982-12-03,1,2009-08-01,26.0,7.0,29.0
2009-10,Portugal,Ricardo Carvalho,6,DF,22,0.0,1,,0.0,,0,0.0,5.0,0.0,,,1978-05-18,0,2009-08-01,31.0,2.0,14.0
2009-10,Ukraine,Andriy Shevchenko*,7,FW,0,0.0,0,,0.0,,0,0.0,0.0,0.0,,,1976-09-29,1,2009-08-01,32.0,10.0,3.0
2009-10,CzechRepublic,Petr Čech,1,GK,34,0.0,2,,0.0,,0,0.0,6.0,0.0,,,1982-05-20,0,2009-08-01,27.0,2.0,12.0
2009-10,England,Joe Cole,10,MF,14,2.0,5,,0.0,,3,0.0,5.0,0.0,,,1981-11-08,12,2009-08-01,27.0,8.0,24.0
2009-10,IvoryCoast,Didier Drogba,11,FW,31,29.0,4,,3.0,,2,2.0,5.0,3.0,,,1978-03-11,1,2009-08-01,31.0,4.0,21.0
2009-10,Nigeria,John Obi Mikel,12,MF,21,0.0,3,,0.0,,2,0.0,4.0,0.0,,,1987-04-22,4,2009-08-01,22.0,3.0,10.0
2009-10,Germany,Michael Ballack,13,MF,26,4.0,4,,1.0,,2,0.0,6.0,0.0,,,1976-09-26,6,2009-08-01,32.0,10.0,6.0
2009-10,France,Florent Malouda,15,MF,26,12.0,6,,2.0,,3,1.0,8.0,0.0,,,1980-06-13,7,2009-08-01,29.0,1.0,19.0
2009-10,England,Frank Lampard,8,MF,36,22.0,6,,3.0,,1,0.0,7.0,1.0,,,1982-05-20,0,2009-08-01,27.0,2.0,12.0
2009-10,Portugal,José Bosingwa,17,DF,8,0.0,0,,0.0,,0,0.0,0.0,0.0,,,1982-08-24,0,2009-08-01,26.0,11.0,8.0
2010-11,England,Frank Lampard,8,MF,23,10.0,3,,3.0,,0,0.0,4.0,0.0,,,1982-05-20,1,2010-08-01,28.0,2.0,12.0
2010-11,Nigeria,John Obi Mikel,12,MF,28,,2,,,,0,,6.0,,,,1987-04-22,0,2010-08-01,23.0,3.0,10.0
2010-11,Brazil,Ramires,7,MF,22,1.0,3,,0.0,,1,0.0,8.0,0.0,,,1987-03-24,7,2010-08-01,23.0,4.0,8.0
2010-11,IvoryCoast,Salomon Kalou,21,FW,16,10.0,3,,2.0,,1,0.0,6.0,0.0,,,1985-08-05,15,2010-08-01,24.0,11.0,27.0
2010-11,Ghana,Michael Essien,5,MF,32,3.0,2,,0.0,,0,0.0,8.0,1.0,,,1982-12-03,1,2010-08-01,27.0,7.0,29.0
2010-11,IvoryCoast,Didier Drogba,11,FW,30,11.0,2,,0.0,,0,0.0,7.0,2.0,,,1978-03-11,6,2010-08-01,32.0,4.0,21.0
2010-11,England,John Terry,26,DF,33,3.0,3,,0.0,,1,0.0,8.0,1.0,,,1980-12-07,0,2010-08-01,29.0,7.0,25.0
2010-11,Serbia,Branislav Ivanović,2,DF,32,4.0,3,,0.0,,0,0.0,10.0,2.0,,,1984-02-22,2,2010-08-01,26.0,5.0,10.0
2010-11,England,Ashley Cole,3,DF,38,,2,,,,0,,7.0,,,,1980-12-20,0,2010-08-01,29.0,7.0,12.0
2010-11,France,Florent Malouda,15,MF,33,13.0,2,,0.0,,0,0.0,9.0,1.0,,,1980-06-13,5,2010-08-01,30.0,1.0,19.0
2010-11,Portugal,Paulo Ferreira,19,DF,12,,1,,,,1,,5.0,,,,1979-01-18,9,2010-08-01,31.0,6.0,14.0
2010-11,France,Nicolas Anelka,39,FW,27,6.0,3,,1.0,,1,2.0,9.0,7.0,,,1979-03-14,5,2010-08-01,31.0,4.0,18.0
2010-11,Portugal,José Bosingwa,17,DF,13,,2,,,,0,,4.0,,,,1982-08-24,7,2010-08-01,27.0,11.0,8.0
2010-11,Israel,Yossi Benayoun,10,MF,1,1.0,0,,0.0,,1,0.0,1.0,0.0,,,1980-05-05,6,2010-08-01,30.0,2.0,27.0
2010-11,England,Daniel Sturridge,23,FW,0,0.0,1,,2.0,,1,0.0,5.0,2.0,,,1989-09-01,13,2010-08-01,20.0,11.0,0.0
2010-11,Brazil,Alex,33,DF,12,1.0,0,,0.0,,1,0.0,4.0,0.0,,,1982-06-17,3,2010-08-01,28.0,1.0,15.0
2010-11,Spain,Fernando Torres,9,FW,8,1.0,0,,0.0,,0,0.0,4.0,0.0,,,1984-03-20,6,2010-08-01,26.0,4.0,12.0
2010-11,England,Josh McEachran,46,MF,1,,1,,,,1,,6.0,,,,1993-03-01,8,2010-08-01,17.0,5.0,0.0
2010-11,Brazil,David Luiz,4,DF,11,2.0,0,,0.0,,0,0.0,0.0,0.0,,,1987-04-22,1,2010-08-01,23.0,3.0,10.0
2010-11,France,Gaël Kakuta,44,MF,1,,1,,,,1,,5.0,,,,1991-06-21,4,2010-08-01,19.0,1.0,11.0
2010-11,Netherlands,Jeffrey Bruma,43,DF,1,,1,,,,1,,2.0,,,,1991-11-13,1,2010-08-01,18.0,8.0,19.0
2010-11,Netherlands,Patrick van Aanholt,38,DF,0,0.0,1,,0.0,,1,1.0,4.0,0.0,,,1990-08-29,0,2010-08-01,19.0,11.0,3.0
2010-11,England,Ross Turnbull,22,GK,0,,0,,,,1,,1.0,,,,1985-01-04,0,2010-08-01,25.0,6.0,28.0
2010-11,England,Ryan Bertrand,34,DF,0,,0,,,,0,,0.0,,,,1989-08-05,1,2010-08-01,20.0,11.0,27.0
2010-11,Portugal,Henrique Hilário,40,GK,0,,0,,,,0,,0.0,,,,1975-10-21,0,2010-08-01,34.0,9.0,11.0
2010-11,England,Jacob Mellis,52,MF,0,,0,,,,0,,1.0,,,,1991-01-08,0,2010-08-01,19.0,6.0,24.0
2010-11,CzechRepublic,Petr Čech,1,GK,38,,3,,,,0,,9.0,,,,1982-05-20,0,2010-08-01,28.0,2.0,12.0
2010-11,Russia,Yuri Zhirkov,18,DF,6,0.0,1,,0.0,,1,0.0,7.0,1.0,,,1983-08-20,6,2010-08-01,26.0,11.0,12.0
2011-12,France,Nicolas Anelka,39,FW,3,1.0,0,,0.0,,2,0.0,4.0,0.0,,,1979-03-14,6,2011-08-01,32.0,4.0,18.0
2011-12,Portugal,José Bosingwa,17,DF,24,1.0,4,,0.0,,1,0.0,11.0,0.0,,,1982-08-24,3,2011-08-01,28.0,11.0,8.0
2011-12,Israel,Yossi Benayoun,30,MF,0,0.0,0,,0.0,,0,0.0,0.0,0.0,,,1980-05-05,1,2011-08-01,31.0,2.0,27.0
2011-12,Serbia,Branislav Ivanović,2,DF,26,3.0,5,,0.0,,1,0.0,10.0,2.0,,,1984-02-22,3,2011-08-01,27.0,5.0,10.0
2011-12,England,Ashley Cole,3,DF,31,0.0,4,,0.0,,0,0.0,12.0,0.0,,,1980-12-20,1,2011-08-01,30.0,7.0,12.0
2011-12,Brazil,David Luiz,4,DF,18,2.0,6,,0.0,,3,0.0,11.0,1.0,,,1987-04-22,2,2011-08-01,24.0,3.0,10.0
2011-12,Ghana,Michael Essien,5,MF,10,0.0,3,,0.0,,0,0.0,2.0,0.0,,,1982-12-03,4,2011-08-01,28.0,7.0,29.0
2011-12,Spain,Oriol Romeu,6,MF,11,0.0,2,,0.0,,3,0.0,3.0,0.0,,,1991-09-24,5,2011-08-01,19.0,10.0,8.0
2011-12,Brazil,Ramires,7,MF,28,5.0,6,,4.0,,1,0.0,10.0,3.0,,,1987-03-24,2,2011-08-01,24.0,4.0,8.0
2011-12,England,Frank Lampard,8,MF,26,11.0,5,,2.0,,2,0.0,12.0,3.0,,,1982-05-20,4,2011-08-01,29.0,2.0,12.0
2011-12,Spain,Fernando Torres,9,FW,20,6.0,6,,2.0,,1,0.0,10.0,3.0,,,1984-03-20,12,2011-08-01,27.0,4.0,12.0
2011-12,Spain,Juan Mata,10,MF,29,6.0,7,,4.0,,1,0.0,12.0,2.0,,,1988-04-28,5,2011-08-01,23.0,3.0,4.0
2011-12,IvoryCoast,Didier Drogba,11,FW,16,5.0,3,,2.0,,0,0.0,8.0,6.0,,,1978-03-11,8,2011-08-01,33.0,4.0,21.0
2011-12,Nigeria,John Obi Mikel,12,MF,15,0.0,5,,0.0,,1,0.0,9.0,0.0,,,1987-04-22,7,2011-08-01,24.0,3.0,10.0
2011-12,France,Florent Malouda,15,MF,11,2.0,5,,1.0,,3,0.0,9.0,0.0,,,1980-06-13,15,2011-08-01,31.0,1.0,19.0
2011-12,Portugal,Raul Meireles,16,MF,23,2.0,6,,2.0,,0,0.0,11.0,2.0,,,1983-03-17,5,2011-08-01,28.0,4.0,15.0
2011-12,Belgium,Romelu Lukaku,18,FW,1,0.0,1,,0.0,,3,0.0,0.0,0.0,,,1993-05-13,7,2011-08-01,18.0,2.0,19.0
2011-12,Portugal,Paulo Ferreira,19,DF,3,0.0,0,,0.0,,1,0.0,2.0,0.0,,,1979-01-18,3,2011-08-01,32.0,6.0,14.0
2011-12,IvoryCoast,Salomon Kalou,21,FW,7,1.0,5,,1.0,,2,1.0,7.0,2.0,,,1985-08-05,5,2011-08-01,25.0,11.0,27.0
2011-12,England,Ross Turnbull,22,GK,2,0.0,0,,0.0,,3,0.0,0.0,0.0,,,1985-01-04,0,2011-08-01,26.0,6.0,28.0
2011-12,England,Daniel Sturridge,23,FW,28,11.0,4,,1.0,,2,1.0,7.0,0.0,,,1989-09-01,2,2011-08-01,21.0,11.0,0.0
2011-12,England,Gary Cahill,24,DF,9,1.0,4,,1.0,,0,0.0,5.0,0.0,,,1985-12-19,1,2011-08-01,25.0,7.0,13.0
2011-12,England,John Terry,26,DF,31,6.0,4,,0.0,,1,0.0,8.0,1.0,,,1980-12-07,0,2011-08-01,30.0,7.0,25.0
2011-12,England,Sam Hutchinson,27,DF,1,0.0,0,,0.0,,0,0.0,0.0,0.0,,,1989-08-03,1,2011-08-01,21.0,11.0,29.0
2011-12,England,Ryan Bertrand,34,DF,6,0.0,4,,0.0,,3,0.0,1.0,0.0,,,1989-08-05,1,2011-08-01,21.0,11.0,27.0
2011-12,Brazil,Lucas Piazon,35,MF,0,0.0,0,,0.0,,0,0.0,0.0,0.0,,,1994-01-20,0,2011-08-01,17.0,6.0,12.0
2011-12,Portugal,Henrique Hilário,40,GK,2,0.0,0,,0.0,,0,0.0,0.0,0.0,,,1975-10-21,0,2011-08-01,35.0,9.0,11.0
2011-12,England,Nathaniel Chalobah,45,DF,0,0.0,0,,0.0,,0,0.0,0.0,0.0,,,1994-12-12,0,2011-08-01,16.0,7.0,20.0
2011-12,CzechRepublic,Petr Čech,1,GK,34,0.0,7,,0.0,,2,0.0,13.0,0.0,,,1982-05-20,0,2011-08-01,29.0,2.0,12.0
2011-12,England,Josh McEachran,20,MF,0,0.0,0,,0.0,,3,0.0,0.0,0.0,,,1993-03-01,2,2011-08-01,18.0,5.0,0.0
2011-12,Brazil,Alex,33,DF,3,0.0,0,,0.0,,3,0.0,3.0,0.0,,,1982-06-17,0,2011-08-01,29.0,1.0,15.0
2012-13,Brazil,Lucas Piazon,35,MF,0,,0,,,,2,,0.0,,0.0,,1994-01-20,1,2012-08-01,18.0,6.0,12.0
2012-13,Spain,Fernando Torres,9,FW,28,8.0,5,,1.0,,4,2.0,6.0,3.0,9.0,6.0,1984-03-20,8,2012-08-01,28.0,4.0,12.0
2012-13,Spain,Juan Mata,10,MF,31,12.0,6,,1.0,,5,2.0,6.0,3.0,8.0,1.0,1988-04-28,4,2012-08-01,24.0,3.0,4.0
2012-13,Brazil,Oscar,11,MF,24,4.0,7,,2.0,,5,0.0,6.0,5.0,9.0,1.0,1991-09-09,10,2012-08-01,20.0,10.0,23.0
2012-13,CzechRepublic,Petr Čech,1,GK,36,,5,,,,3,,6.0,,9.0,,1982-05-20,0,2012-08-01,30.0,2.0,12.0
2012-13,Brazil,Ramires,7,MF,28,5.0,6,,2.0,,4,1.0,6.0,1.0,8.0,0.0,1987-03-24,7,2012-08-01,25.0,4.0,8.0
2012-13,Belgium,Eden Hazard,17,MF,31,9.0,6,,1.0,,5,2.0,6.0,0.0,7.0,1.0,1991-01-07,3,2012-08-01,21.0,6.0,25.0
2012-13,Serbia,Branislav Ivanović,2,DF,33,5.0,6,,1.0,,3,1.0,6.0,0.0,6.0,1.0,1984-02-22,1,2012-08-01,28.0,5.0,10.0
2012-13,Brazil,David Luiz,4,DF,29,2.0,6,,0.0,,4,1.0,6.0,2.0,7.0,2.0,1987-04-22,1,2012-08-01,25.0,3.0,10.0
2012-13,England,Ashley Cole,3,DF,31,1.0,5,,0.0,,3,0.0,5.0,0.0,3.0,0.0,1980-12-20,0,2012-08-01,31.0,7.0,12.0
2012-13,England,Frank Lampard,8,MF,21,15.0,4,,2.0,,3,0.0,3.0,0.0,7.0,0.0,1982-05-20,8,2012-08-01,30.0,2.0,12.0
2012-13,Spain,César Azpilicueta,28,DF,24,,5,,,,5,,1.0,,8.0,,1989-08-28,3,2012-08-01,22.0,11.0,4.0
2012-13,England,Gary Cahill,24,DF,24,2.0,4,,0.0,,4,2.0,4.0,1.0,4.0,0.0,1985-12-19,2,2012-08-01,26.0,7.0,13.0
2012-13,Nigeria,John Obi Mikel,12,MF,19,,3,,,,1,,5.0,,4.0,,1987-04-22,3,2012-08-01,25.0,3.0,10.0
2012-13,Portugal,Paulo Ferreira,19,DF,0,,1,,,,1,,1.0,,1.0,,1979-01-18,2,2012-08-01,33.0,6.0,14.0
2012-13,England,Ryan Bertrand,34,DF,14,0.0,5,,0.0,,4,1.0,3.0,0.0,5.0,0.0,1989-08-05,5,2012-08-01,22.0,11.0,27.0
2012-13,England,John Terry,26,DF,11,4.0,3,,1.0,,1,0.0,2.0,0.0,6.0,1.0,1980-12-07,3,2012-08-01,31.0,7.0,25.0
2012-13,Senegal,Demba Ba,29,FW,11,2.0,6,,4.0,,2,0.0,0.0,0.0,0.0,0.0,1985-05-25,3,2012-08-01,27.0,2.0,7.0
2012-13,Germany,Marko Marin,21,MF,2,1.0,3,,0.0,,3,0.0,0.0,0.0,3.0,0.0,1989-03-13,4,2012-08-01,23.0,4.0,19.0
2012-13,Israel,Yossi Benayoun,30,MF,0,,2,,,,0,,0.0,,5.0,,1980-05-05,6,2012-08-01,32.0,2.0,27.0
2012-13,England,Daniel Sturridge,23,FW,1,1.0,0,,0.0,,1,1.0,2.0,0.0,0.0,0.0,1989-09-01,6,2012-08-01,22.0,11.0,0.0
2012-13,Spain,Oriol Romeu,6,MF,4,0.0,0,,0.0,,2,1.0,1.0,0.0,0.0,0.0,1991-09-24,2,2012-08-01,20.0,10.0,8.0
2012-13,Nigeria,Victor Moses,13,FW,12,1.0,5,,2.0,,3,2.0,4.0,1.0,6.0,4.0,1990-12-12,11,2012-08-01,21.0,7.0,20.0
2012-13,England,Ross Turnbull,22,GK,2,,2,,,,2,,0.0,,0.0,,1985-01-04,1,2012-08-01,27.0,6.0,28.0
2012-13,Netherlands,Nathan Aké,57,MF,1,,1,,,,0,,0.0,,2.0,,1995-02-18,2,2012-08-01,17.0,5.0,14.0
2012-13,Portugal,Raul Meireles,16,MF,1,,0,,,,0,,0.0,,0.0,,1983-03-17,2,2012-08-01,29.0,4.0,15.0
2013-14,Australia,Schwarzer,23,GK,4,,2,,,,3,,3.0,,,,1972-10-06,0,2013-08-01,40.0,9.0,26.0
2013-14,Belgium,Eden Hazard,17,MF,35,14.0,3,,0.0,,1,0.0,9.0,2.0,,,1991-01-07,0,2013-08-01,22.0,6.0,25.0
2013-14,Serbia,Nemanja Matić,21,MF,17,,2,,,,0,,0.0,,,,1988-08-01,0,2013-08-01,25.0,0.0,0.0
2013-14,Egypt,Mohamed Salah,15,MF,10,2.0,1,,0.0,,0,0.0,0.0,0.0,,,1992-06-15,0,2013-08-01,21.0,1.0,17.0
2013-14,Spain,Juan Mata,10,MF,13,0.0,0,,0.0,,2,1.0,2.0,0.0,,,1988-04-28,0,2013-08-01,25.0,3.0,4.0
2013-14,Ghana,Michael Essien,5,MF,5,,1,,,,3,,0.0,,,,1982-12-03,0,2013-08-01,30.0,7.0,29.0
2013-14,Netherlands,Nathan Aké,27,DF,1,,0,,,,0,,0.0,,,,1995-02-18,0,2013-08-01,18.0,5.0,14.0
2013-14,Netherlands,Van Ginkel,16,MF,2,,0,,,,1,,1.0,,,,1992-12-01,0,2013-08-01,20.0,8.0,0.0
2013-14,CzechRepublic,Kalas,33,DF,2,,0,,,,1,,1.0,,,,1993-05-15,0,2013-08-01,20.0,2.0,17.0
2013-14,Belgium,Romelu Lukaku,18,FW,2,,0,,,,0,,0.0,,,,1993-05-13,0,2013-08-01,20.0,2.0,19.0
2013-14,England,Ryan Bertrand,34,DF,1,,0,,,,2,,0.0,,,,1989-08-05,0,2013-08-01,23.0,11.0,27.0
2013-14,England,Ashley Cole,3,DF,17,,2,,,,1,,5.0,,,,1980-12-20,0,2013-08-01,32.0,7.0,12.0
2013-14,Belgium,De Bruyne,15,MF,3,,0,,,,3,,3.0,,,,1991-06-28,0,2013-08-01,22.0,1.0,4.0
2013-14,England,Baker,47,MF,0,,1,,,,0,,0.0,,,,1995-04-25,0,2013-08-01,18.0,3.0,7.0
2013-14,Spain,Fernando Torres,9,FW,28,5.0,2,,0.0,,1,1.0,9.0,4.0,,,1984-03-20,0,2013-08-01,29.0,4.0,12.0
2013-14,Brazil,David Luiz,4,DF,19,,3,,,,3,,8.0,,,,1987-04-22,0,2013-08-01,26.0,3.0,10.0
2013-14,Cameroon,Eto'o,29,FW,21,9.0,3,,0.0,,2,0.0,9.0,3.0,,,1981-03-10,0,2013-08-01,32.0,4.0,22.0
2013-14,Nigeria,John Obi Mikel,12,MF,24,1.0,2,,1.0,,2,0.0,7.0,0.0,,,1987-04-22,0,2013-08-01,26.0,3.0,10.0
2013-14,England,Frank Lampard,8,MF,26,6.0,1,,0.0,,1,1.0,11.0,1.0,,,1982-05-20,0,2013-08-01,31.0,2.0,12.0
2013-14,Brazil,Willian,22,MF,25,4.0,3,,0.0,,3,0.0,11.0,0.0,,,1988-08-09,0,2013-08-01,24.0,11.0,23.0
2013-14,Germany,André Schürrle,14,MF,30,8.0,1,,0.0,,1,0.0,10.0,1.0,,,1990-11-06,0,2013-08-01,22.0,8.0,26.0
2013-14,Spain,César Azpilicueta,28,DF,29,0.0,2,,0.0,,3,1.0,10.0,0.0,,,1989-08-28,0,2013-08-01,23.0,11.0,4.0
2013-14,England,Gary Cahill,24,DF,29,1.0,3,,0.0,,3,0.0,10.0,1.0,,,1985-12-19,0,2013-08-01,27.0,7.0,13.0
2013-14,Brazil,Ramires,7,MF,30,1.0,3,,0.0,,2,1.0,10.0,2.0,,,1987-03-24,0,2013-08-01,26.0,4.0,8.0
2013-14,CzechRepublic,Petr Čech,1,GK,34,,1,,,,0,,10.0,,,,1982-05-20,0,2013-08-01,31.0,2.0,12.0
2013-14,Serbia,Branislav Ivanović,2,DF,36,3.0,2,,0.0,,0,0.0,11.0,0.0,,,1984-02-22,0,2013-08-01,29.0,5.0,10.0
2013-14,Brazil,Oscar,11,MF,33,8.0,3,,2.0,,0,0.0,10.0,1.0,,,1991-09-09,0,2013-08-01,21.0,10.0,23.0
2013-14,Senegal,Demba Ba,19,MF,19,5.0,1,,0.0,,3,0.0,6.0,3.0,,,1985-05-25,0,2013-08-01,28.0,2.0,7.0
2013-14,England,John Terry,26,DF,34,2.0,0,,0.0,,1,0.0,11.0,0.0,,,1980-12-07,0,2013-08-01,32.0,7.0,25.0
2013-14,England,Swift,49,MF,1,,0,,,,0,,0.0,,,,1995-06-23,0,2013-08-01,18.0,1.0,9.0
2014-15,England,Dominic Solanke,35,FW,0,0.0,0,,0.0,,0,0.0,1.0,0.0,,,1997-09-14,0,2014-08-01,16.0,10.0,18.0
2014-15,Brazil,Filipe Luís,3,DF,9,0.0,1,,0.0,,5,1.0,5.0,0.0,,,1985-08-09,6,2014-08-01,28.0,11.0,23.0
2014-15,France,Kurt Zouma,5,DF,7,0.0,2,,1.0,,5,1.0,4.0,0.0,,,1994-10-27,8,2014-08-01,19.0,9.0,5.0
2014-15,Netherlands,Nathan Aké,6,DF,0,0.0,1,,0.0,,2,0.0,1.0,0.0,,,1995-02-18,1,2014-08-01,19.0,5.0,14.0
2014-15,Brazil,Ramires,7,MF,11,1.0,2,,1.0,,3,0.0,6.0,1.0,,,1987-03-24,12,2014-08-01,27.0,4.0,8.0
2014-15,Brazil,Oscar,8,MF,26,6.0,2,,0.0,,4,1.0,7.0,0.0,,,1991-09-09,2,2014-08-01,22.0,10.0,23.0
2014-15,Belgium,Eden Hazard,10,MF,38,14.0,1,,0.0,,6,2.0,7.0,3.0,,,1991-01-07,0,2014-08-01,23.0,6.0,25.0
2014-15,IvoryCoast,Didier Drogba,11,FW,8,4.0,2,,0.0,,5,1.0,5.0,2.0,,,1978-03-11,20,2014-08-01,36.0,4.0,21.0
2014-15,Nigeria,John Obi Mikel,12,MF,6,0.0,2,,0.0,,4,0.0,2.0,1.0,,,1987-04-22,12,2014-08-01,27.0,3.0,10.0
2014-15,Belgium,Thibaut Courtois,13,GK,32,0.0,0,,0.0,,2,0.0,5.0,0.0,,,1992-05-11,0,2014-08-01,22.0,2.0,21.0
2014-15,France,Loïc Rémy,18,FW,6,7.0,2,,1.0,,2,0.0,4.0,1.0,,,1987-01-02,13,2014-08-01,27.0,6.0,30.0
2014-15,Spain,Diego Costa,19,FW,24,20.0,1,,0.0,,3,1.0,7.0,0.0,,,1988-10-07,2,2014-08-01,25.0,9.0,25.0
2014-15,Serbia,Branislav Ivanović,2,DF,38,4.0,0,,0.0,,4,1.0,7.0,1.0,,,1984-02-22,0,2014-08-01,30.0,5.0,10.0
2014-15,Serbia,Nemanja Matić,21,MF,35,1.0,0,,0.0,,5,0.0,8.0,2.0,,,1988-08-01,1,2014-08-01,26.0,0.0,0.0
2014-15,Colombia,Juan Cuadrado,23,MF,4,0.0,0,,0.0,,1,0.0,1.0,0.0,,,1988-05-26,8,2014-08-01,26.0,2.0,6.0
2014-15,England,Gary Cahill,24,DF,33,1.0,2,,1.0,,4,0.0,6.0,1.0,,,1985-12-19,3,2014-08-01,28.0,7.0,13.0
2014-15,England,John Terry,26,DF,38,5.0,0,,0.0,,4,1.0,7.0,2.0,,,1980-12-07,0,2014-08-01,33.0,7.0,25.0
2014-15,Spain,César Azpilicueta,28,DF,29,0.0,2,,0.0,,5,0.0,4.0,0.0,,,1989-08-28,0,2014-08-01,24.0,11.0,4.0
2014-15,Denmark,Andreas Christensen,31,DF,0,0.0,1,,0.0,,1,0.0,0.0,0.0,,,1996-04-10,1,2014-08-01,18.0,3.0,22.0
2014-15,England,Mitchell Beeney,33,GK,0,0.0,0,,0.0,,0,0.0,0.0,0.0,,,1995-10-03,0,2014-08-01,18.0,9.0,29.0
2014-15,England,Ruben Loftus-Cheek,36,MF,2,0.0,0,,0.0,,0,0.0,1.0,0.0,,,1996-01-23,1,2014-08-01,18.0,6.0,9.0
2014-15,England,Isaiah Brown,37,FW,0,0.0,0,,0.0,,0,0.0,0.0,0.0,,,1997-01-07,1,2014-08-01,17.0,6.0,25.0
2014-15,England,Jamal Blackman,46,GK,0,0.0,0,,0.0,,0,0.0,0.0,0.0,,,1993-10-27,0,2014-08-01,20.0,9.0,5.0
2014-15,Germany,André Schürrle,14,MF,5,3.0,1,,0.0,,3,1.0,4.0,1.0,,,1990-11-06,9,2014-08-01,23.0,8.0,26.0
2014-15,Egypt,Mohamed Salah,17,MF,0,0.0,1,,0.0,,2,0.0,2.0,0.0,,,1992-06-15,3,2014-08-01,22.0,1.0,17.0
2014-15,Brazil,Willian,22,MF,28,2.0,2,,1.0,,4,0.0,7.0,1.0,,,1988-08-09,8,2014-08-01,25.0,11.0,23.0
2014-15,CzechRepublic,Petr Čech,1,GK,6,0.0,2,,0.0,,4,0.0,3.0,0.0,,,1982-05-20,1,2014-08-01,32.0,2.0,12.0
2014-15,Spain,Cesc Fàbregas,4,MF,33,3.0,1,,0.0,,4,0.0,8.0,2.0,,,1987-05-04,1,2014-08-01,27.0,2.0,28.0
2015-16,England,Jake Clarke-Salter,37,DF,0,0.0,0,,0.0,,0,0.0,0.0,0.0,,,1997-09-22,1,2015-08-01,17.0,10.0,10.0
2015-16,Spain,Diego Costa,19,FW,27,12.0,4,,2.0,,1,0.0,8.0,2.0,,,1988-10-07,1,2015-08-01,26.0,9.0,25.0
2015-16,BosniaandHerzegovina,Asmir Begović,1,GK,15,0.0,1,,0.0,,2,0.0,5.0,0.0,,,1987-06-20,2,2015-08-01,28.0,1.0,12.0
2015-16,Serbia,Branislav Ivanović,2,DF,33,2.0,4,,0.0,,1,0.0,4.0,0.0,,,1984-02-22,0,2015-08-01,31.0,5.0,10.0
2015-16,Spain,Cesc Fàbregas,4,MF,33,5.0,4,,0.0,,0,0.0,7.0,1.0,,,1987-05-04,4,2015-08-01,28.0,2.0,28.0
2015-16,France,Kurt Zouma,5,DF,21,1.0,1,,0.0,,1,0.0,6.0,1.0,,,1994-10-27,2,2015-08-01,20.0,9.0,5.0
2015-16,Ghana,Baba Rahman,6,DF,11,0.0,2,,0.0,,2,0.0,4.0,0.0,,,1994-07-02,4,2015-08-01,21.0,0.0,30.0
2015-16,England,Kasey Palmer,38,MF,0,0.0,0,,0.0,,0,0.0,0.0,0.0,,,1996-11-09,0,2015-08-01,18.0,8.0,23.0
2015-16,Brazil,Oscar,8,MF,20,3.0,4,,3.0,,1,0.0,7.0,2.0,,,1991-09-09,7,2015-08-01,23.0,10.0,23.0
2015-16,Belgium,Eden Hazard,10,MF,25,5.0,2,,2.0,,1,0.0,8.0,0.0,,,1991-01-07,6,2015-08-01,24.0,6.0,25.0
2015-16,Brazil,Alexandre Pato,11,FW,1,1.0,0,,0.0,,0,0.0,0.0,0.0,,,1989-09-02,1,2015-08-01,25.0,10.0,30.0
2015-16,Nigeria,John Obi Mikel,12,MF,19,0.0,2,,0.0,,2,0.0,4.0,1.0,,,1987-04-22,6,2015-08-01,28.0,3.0,10.0
2015-16,Belgium,Thibaut Courtois,13,GK,23,0.0,3,,0.0,,0,0.0,3.0,0.0,,,1992-05-11,0,2015-08-01,23.0,2.0,21.0
2015-16,BurkinaFaso,Bertrand Traoré,14,MF,4,2.0,3,,2.0,,1,0.0,2.0,0.0,,,1995-09-06,6,2015-08-01,19.0,10.0,26.0
2015-16,Brazil,Kenedy,16,MF,4,1.0,2,,0.0,,2,1.0,2.0,0.0,,,1996-02-08,10,2015-08-01,19.0,5.0,24.0
2015-16,Colombia,Radamel Falcao,9,FW,1,1.0,0,,0.0,,1,0.0,0.0,0.0,,,1986-02-10,9,2015-08-01,29.0,5.0,22.0
2015-16,UnitedStates,Matt Miazga,20,DF,2,0.0,0,,0.0,,0,0.0,0.0,0.0,,,1995-07-19,0,2015-08-01,20.0,0.0,13.0
2015-16,France,Loïc Rémy,18,FW,3,1.0,1,,0.0,,2,2.0,3.0,0.0,,,1987-01-02,10,2015-08-01,28.0,6.0,30.0
2015-16,Senegal,Papy Djilobodji,15,DF,0,0.0,0,,0.0,,1,0.0,0.0,0.0,,,1988-12-01,0,2015-08-01,26.0,8.0,0.0
2015-16,England,Ruben Loftus-Cheek,36,MF,4,1.0,2,,1.0,,1,0.0,1.0,0.0,,,1996-01-23,9,2015-08-01,19.0,6.0,9.0
2015-16,England,Ola Aina,34,DF,0,0.0,0,,0.0,,0,0.0,0.0,0.0,,,1996-10-08,0,2015-08-01,18.0,9.0,24.0
2015-16,Italy,Marco Amelia,32,GK,0,0.0,0,,0.0,,0,0.0,0.0,0.0,,,1982-04-02,0,2015-08-01,33.0,3.0,30.0
2015-16,England,Jamal Blackman,27,GK,0,0.0,0,,0.0,,0,0.0,0.0,0.0,,,1993-10-27,0,2015-08-01,21.0,9.0,5.0
2015-16,Spain,César Azpilicueta,28,DF,36,2.0,3,,0.0,,0,0.0,8.0,0.0,,,1989-08-28,1,2015-08-01,25.0,11.0,4.0
2015-16,England,John Terry,26,DF,24,1.0,2,,0.0,,2,0.0,4.0,0.0,,,1980-12-07,0,2015-08-01,34.0,7.0,25.0
2015-16,England,Gary Cahill,24,DF,21,2.0,4,,1.0,,2,0.0,7.0,1.0,,,1985-12-19,2,2015-08-01,29.0,7.0,13.0
2015-16,Canada,Fikayo Tomori,43,DF,0,0.0,0,,0.0,,0,0.0,0.0,0.0,,,1997-12-19,1,2015-08-01,17.0,7.0,13.0
2015-16,Brazil,Willian,22,MF,32,5.0,4,,1.0,,1,0.0,8.0,5.0,,,1988-08-09,3,2015-08-01,26.0,11.0,23.0
2015-16,Serbia,Nemanja Matić,21,MF,28,2.0,3,,0.0,,1,0.0,5.0,0.0,,,1988-08-01,5,2015-08-01,27.0,0.0,0.0
2015-16,Spain,Pedro,17,MF,24,7.0,4,,0.0,,1,1.0,6.0,0.0,,,1987-07-28,5,2015-08-01,28.0,0.0,4.0
2015-16,England,Charlie Colkett,41,MF,0,0.0,0,,0.0,,0,0.0,0.0,0.0,,,1996-09-04,0,2015-08-01,18.0,10.0,28.0
2015-16,England,Tammy Abraham,42,FW,0,0.0,0,,0.0,,0,0.0,0.0,0.0,,,1997-10-02,2,2015-08-01,17.0,9.0,30.0
2015-16,Brazil,Ramires,7,MF,7,2.0,1,,0.0,,2,1.0,5.0,0.0,,,1987-03-24,5,2015-08-01,28.0,4.0,8.0
2016-17,Spain,Marcos Alonso,3,DF,30,6.0,3,,0.0,,1,0.0,,,,,1990-12-28,1,2016-08-01,25.0,7.0,4.0
2016-17,Belgium,Charly Musonda,35,MF,0,0.0,0,,0.0,,0,0.0,,,,,1996-10-15,0,2016-08-01,19.0,9.0,17.0
2016-17,France,N'Golo Kanté,7,MF,34,1.0,5,,1.0,,1,0.0,,,,,1991-03-29,0,2016-08-01,25.0,4.0,3.0
2016-17,Spain,Pedro,11,MF,25,9.0,5,,4.0,,3,0.0,,,,,1987-07-28,9,2016-08-01,29.0,0.0,4.0
2016-17,BosniaandHerzegovina,Asmir Begović,1,GK,2,0.0,3,,0.0,,3,0.0,,,,,1987-06-20,0,2016-08-01,29.0,1.0,12.0
2016-17,Belgium,Thibaut Courtois,13,GK,36,0.0,3,,0.0,,0,0.0,,,,,1992-05-11,0,2016-08-01,24.0,2.0,21.0
2016-17,England,Ruben Loftus-Cheek,14,MF,0,0.0,3,,0.0,,2,0.0,,,,,1996-01-23,5,2016-08-01,20.0,6.0,9.0
2016-17,Nigeria,Victor Moses,15,MF,29,3.0,4,,0.0,,2,1.0,,,,,1990-12-12,5,2016-08-01,25.0,7.0,20.0
2016-17,Brazil,Kenedy,16,MF,1,0.0,1,,0.0,,0,0.0,,,,,1996-02-08,0,2016-08-01,20.0,5.0,24.0
2016-17,Spain,Diego Costa,19,FW,34,20.0,5,,2.0,,2,0.0,,,,,1988-10-07,0,2016-08-01,27.0,9.0,25.0
2016-17,Serbia,Nemanja Matić,21,MF,29,1.0,3,,1.0,,2,0.0,,,,,1988-08-01,5,2016-08-01,28.0,0.0,0.0
2016-17,Brazil,Willian,22,MF,15,8.0,6,,4.0,,1,0.0,,,,,1988-08-09,18,2016-08-01,27.0,11.0,23.0
2016-17,England,Gary Cahill,24,DF,35,6.0,3,,0.0,,3,2.0,,,,,1985-12-19,1,2016-08-01,30.0,7.0,13.0
2016-17,England,John Terry,26,DF,6,1.0,3,,0.0,,2,0.0,,,,,1980-12-07,3,2016-08-01,35.0,7.0,25.0
2016-17,Spain,César Azpilicueta,28,DF,38,1.0,6,,0.0,,3,1.0,,,,,1989-08-28,0,2016-08-01,26.0,11.0,4.0
2016-17,England,Nathaniel Chalobah,29,MF,1,0.0,3,,0.0,,2,0.0,,,,,1994-12-12,9,2016-08-01,21.0,7.0,20.0
2016-17,Brazil,David Luiz,30,DF,33,1.0,3,,0.0,,2,0.0,,,,,1987-04-22,0,2016-08-01,29.0,3.0,10.0
2016-17,Spain,Cesc Fàbregas,4,MF,13,5.0,6,,0.0,,2,2.0,,,,,1987-05-04,15,2016-08-01,29.0,2.0,28.0
2016-17,Belgium,Eden Hazard,10,MF,35,16.0,4,,1.0,,3,0.0,,,,,1991-01-07,0,2016-08-01,25.0,6.0,25.0
2016-17,Belgium,Michy Batshuayi,23,FW,1,5.0,5,,2.0,,3,2.0,,,,,1993-10-02,19,2016-08-01,22.0,9.0,30.0
2016-17,Portugal,Eduardo,37,GK,0,0.0,0,,0.0,,0,0.0,,,,,1982-09-19,0,2016-08-01,33.0,10.0,13.0
2016-17,England,Ola Aina,34,DF,0,0.0,1,,0.0,,2,0.0,,,,,1996-10-08,3,2016-08-01,19.0,9.0,24.0
2016-17,England,Dominic Solanke,41,FW,0,0.0,0,,0.0,,0,0.0,,,,,1997-09-14,0,2016-08-01,18.0,10.0,18.0
2016-17,Serbia,Branislav Ivanović,2,DF,6,0.0,2,,1.0,,1,0.0,,,,,1984-02-22,7,2016-08-01,32.0,5.0,10.0
2016-17,Brazil,Oscar,8,MF,5,0.0,0,,0.0,,2,0.0,,,,,1991-09-09,4,2016-08-01,24.0,10.0,23.0
2016-17,Nigeria,John Obi Mikel,12,MF,0,0.0,0,,0.0,,0,0.0,,,,,1987-04-22,0,2016-08-01,29.0,3.0,10.0
2016-17,Netherlands,Nathan Aké,6,MF,1,0.0,3,,0.0,,0,0.0,,,,,1995-02-18,1,2016-08-01,21.0,5.0,14.0
2016-17,France,Kurt Zouma,5,DF,2,0.0,4,,0.0,,0,0.0,,,,,1994-10-27,6,2016-08-01,21.0,9.0,5.0
2017-18,England,Dujon Sterling,66,DF,0,0.0,1,,0.0,,1,0.0,0.0,0.0,,,1999-10-24,0,2017-08-01,17.0,9.0,8.0
2017-18,IvoryCoast,Jérémie Boga,38,MF,1,0.0,0,,0.0,,0,0.0,0.0,0.0,,,1997-01-03,0,2017-08-01,20.0,6.0,29.0
2017-18,England,Jake Clarke-Salter,35,DF,0,0.0,0,,0.0,,1,0.0,0.0,0.0,,,1997-09-22,0,2017-08-01,19.0,10.0,10.0
2017-18,Belgium,Michy Batshuayi,23,FW,3,2.0,3,,3.0,,5,3.0,4.0,2.0,,,1993-10-02,9,2017-08-01,23.0,9.0,30.0
2017-18,Belgium,Charly Musonda,17,MF,0,0.0,1,,0.0,,2,1.0,0.0,0.0,,,1996-10-15,3,2017-08-01,20.0,9.0,17.0
2017-18,Argentina,Willy Caballero,1,GK,3,0.0,6,,0.0,,4,0.0,0.0,0.0,,,1981-09-28,0,2017-08-01,35.0,10.0,4.0
2017-18,Germany,Antonio Rüdiger,2,DF,27,2.0,6,,0.0,,5,1.0,6.0,0.0,,,1993-03-03,0,2017-08-01,24.0,4.0,29.0
2017-18,Spain,Marcos Alonso,3,DF,33,7.0,3,,1.0,,2,0.0,7.0,0.0,,,1990-12-28,0,2017-08-01,26.0,7.0,4.0
2017-18,Spain,Cesc Fàbregas,4,MF,32,2.0,4,,0.0,,4,0.0,8.0,1.0,,,1987-05-04,0,2017-08-01,30.0,2.0,28.0
2017-18,England,Danny Drinkwater,6,MF,12,1.0,4,,0.0,,3,0.0,3.0,0.0,,,1990-03-05,0,2017-08-01,27.0,4.0,27.0
2017-18,France,N'Golo Kanté,7,MF,34,1.0,5,,0.0,,2,0.0,6.0,0.0,,,1991-03-29,0,2017-08-01,26.0,4.0,3.0
2017-18,England,Ross Barkley,8,MF,2,0.0,1,,0.0,,1,0.0,0.0,0.0,,,1993-12-05,0,2017-08-01,23.0,7.0,27.0
2017-18,Spain,Álvaro Morata,9,FW,31,11.0,6,,2.0,,3,1.0,7.0,1.0,,,1992-10-23,0,2017-08-01,24.0,9.0,9.0
2017-18,Belgium,Eden Hazard,10,MF,34,12.0,5,,1.0,,4,1.0,8.0,3.0,,,1991-01-07,0,2017-08-01,26.0,6.0,25.0
2017-18,Spain,Pedro,11,MF,31,4.0,6,,2.0,,3,0.0,7.0,1.0,,,1987-07-28,0,2017-08-01,30.0,0.0,4.0
2017-18,Belgium,Thibaut Courtois,13,GK,35,0.0,1,,0.0,,1,0.0,8.0,0.0,,,1992-05-11,0,2017-08-01,25.0,2.0,21.0
2017-18,France,Tiémoué Bakayoko,14,MF,29,2.0,5,,0.0,,4,0.0,5.0,1.0,,,1994-08-17,0,2017-08-01,22.0,11.0,15.0
2017-18,Nigeria,Victor Moses,15,MF,25,3.0,3,,0.0,,2,0.0,4.0,0.0,,,1990-12-12,3,2017-08-01,26.0,7.0,20.0
2017-18,Brazil,Kenedy,16,MF,0,0.0,2,,0.0,,3,1.0,0.0,0.0,,,1996-02-08,0,2017-08-01,21.0,5.0,24.0
2017-18,Italy,Davide Zappacosta,21,DF,12,1.0,4,,0.0,,4,0.0,5.0,1.0,,,1992-06-11,10,2017-08-01,25.0,1.0,21.0
2017-18,Brazil,Willian,22,MF,20,6.0,6,,2.0,,4,2.0,8.0,3.0,,,1988-08-09,16,2017-08-01,28.0,11.0,23.0
2017-18,England,Gary Cahill,24,DF,24,0.0,6,,0.0,,3,0.0,6.0,0.0,,,1985-12-19,3,2017-08-01,31.0,7.0,13.0
2017-18,Denmark,Andreas Christensen,27,DF,23,0.0,3,,0.0,,4,0.0,6.0,0.0,,,1996-04-10,4,2017-08-01,21.0,3.0,22.0
2017-18,Spain,César Azpilicueta,28,DF,37,2.0,4,,0.0,,2,0.0,8.0,1.0,,,1989-08-28,0,2017-08-01,27.0,11.0,4.0
2017-18,Brazil,David Luiz,30,DF,9,1.0,2,,0.0,,0,0.0,4.0,1.0,,,1987-04-22,1,2017-08-01,30.0,3.0,10.0
2017-18,Italy,Emerson,33,DF,3,0.0,2,,0.0,,0,0.0,0.0,0.0,,,1994-08-03,2,2017-08-01,22.0,11.0,29.0
2017-18,UnitedStates,Kyle Scott,36,MF,0,0.0,1,,0.0,,0,0.0,0.0,0.0,,,1997-12-22,0,2017-08-01,19.0,7.0,10.0
2017-18,Portugal,Eduardo,37,GK,0,0.0,0,,0.0,,0,0.0,0.0,0.0,,,1982-09-19,0,2017-08-01,34.0,10.0,13.0
2017-18,Wales,Ethan Ampadu,44,MF,0,0.0,3,,0.0,,3,0.0,0.0,0.0,,,2000-09-14,1,2017-08-01,16.0,10.0,18.0
2017-18,England,Trevoh Chalobah,50,DF,0,0.0,0,,0.0,,0,0.0,0.0,0.0,,,1999-07-05,0,2017-08-01,18.0,0.0,27.0
2017-18,England,Callum Hudson-Odoi,70,MF,0,0.0,2,,0.0,,0,0.0,0.0,0.0,,,2000-11-07,2,2017-08-01,16.0,8.0,25.0
2017-18,France,Olivier Giroud,18,FW,6,3.0,4,,2.0,,0,0.0,1.0,0.0,,,1986-09-30,7,2017-08-01,30.0,10.0,2.0
2018-19,France,Olivier Giroud,18,FW,7,2.0,1,,0.0,,3,0.0,,,14.0,11.0,1986-09-30,20,2018-08-01,31.0,10.0,2.0
2018-19,Nigeria,Victor Moses,15,MF,0,0.0,0,,0.0,,1,0.0,,,2.0,0.0,1990-12-12,2,2018-08-01,27.0,7.0,20.0
2018-19,Brazil,Lucas Piazon,34,MF,0,0.0,0,,0.0,,0,0.0,,,0.0,0.0,1994-01-20,0,2018-08-01,24.0,6.0,12.0
2018-19,England,Tammy Abraham,19,FW,0,0.0,0,,0.0,,0,0.0,,,0.0,0.0,1997-10-02,0,2018-08-01,20.0,9.0,30.0
2018-19,Poland,Marcin Bułka,59,GK,0,0.0,0,,0.0,,0,0.0,,,0.0,0.0,1999-10-04,0,2018-08-01,18.0,9.0,28.0
2018-19,England,George McEachran,55,MF,0,0.0,0,,0.0,,0,0.0,,,0.0,0.0,2000-08-30,0,2018-08-01,17.0,11.0,2.0
2018-19,England,Marc Guehi,53,DF,0,0.0,0,,0.0,,0,0.0,,,0.0,0.0,2000-07-13,0,2018-08-01,18.0,0.0,19.0
2018-19,England,Jamie Cumming,52,GK,0,0.0,0,,0.0,,0,0.0,,,0.0,0.0,,0,2018-08-01,,,
2018-19,England,Conor Gallagher,51,MF,0,0.0,0,,0.0,,0,0.0,,,0.0,0.0,2000-02-06,0,2018-08-01,18.0,5.0,26.0
2018-19,Wales,Ethan Ampadu,44,DF,0,0.0,2,,0.0,,0,0.0,,,3.0,0.0,2000-09-14,0,2018-08-01,17.0,10.0,18.0
2018-19,Italy,Emerson,33,DF,7,0.0,1,,0.0,,5,1.0,,,11.0,0.0,1994-08-03,3,2018-08-01,23.0,11.0,29.0
2018-19,England,Robert Green,31,GK,0,0.0,0,,0.0,,0,0.0,,,0.0,0.0,1980-01-18,0,2018-08-01,38.0,6.0,14.0
2018-19,Brazil,David Luiz,30,DF,36,3.0,2,,0.0,,5,0.0,,,6.0,0.0,1987-04-22,0,2018-08-01,31.0,3.0,10.0
2018-19,Spain,César Azpilicueta,28,DF,38,1.0,3,,0.0,,6,0.0,,,9.0,0.0,1989-08-28,0,2018-08-01,28.0,11.0,4.0
2018-19,Denmark,Andreas Christensen,27,DF,6,0.0,2,,0.0,,4,0.0,,,15.0,0.0,1996-04-10,2,2018-08-01,22.0,3.0,22.0
2018-19,England,Gary Cahill,24,DF,0,0.0,0,,0.0,,2,0.0,,,4.0,0.0,1985-12-19,2,2018-08-01,32.0,7.0,13.0
2018-19,Spain,Álvaro Morata,29,FW,11,5.0,1,,2.0,,2,0.0,,,4.0,2.0,1992-10-23,5,2018-08-01,25.0,9.0,9.0
2018-19,Brazil,Willian,22,MF,26,3.0,2,,2.0,,6,0.0,,,15.0,3.0,1988-08-09,6,2018-08-01,29.0,11.0,23.0
2018-19,England,Callum Hudson-Odoi,20,MF,4,0.0,2,,1.0,,2,0.0,,,9.0,4.0,2000-11-07,6,2018-08-01,17.0,8.0,25.0
2018-19,Croatia,Mateo Kovačić,17,MF,21,0.0,2,,0.0,,5,0.0,,,12.0,0.0,1994-05-06,11,2018-08-01,24.0,2.0,26.0
2018-19,Argentina,Willy Caballero,13,GK,2,0.0,2,,0.0,,2,0.0,,,2.0,0.0,1981-09-28,0,2018-08-01,36.0,10.0,4.0
2018-19,England,Ruben Loftus-Cheek,12,MF,6,6.0,2,,0.0,,3,0.0,,,11.0,4.0,1996-01-23,18,2018-08-01,22.0,6.0,9.0
2018-19,Spain,Pedro,11,MF,21,8.0,1,,0.0,,5,0.0,,,14.0,5.0,1987-07-28,10,2018-08-01,31.0,0.0,4.0
2018-19,Belgium,Eden Hazard,10,MF,32,16.0,2,,0.0,,5,3.0,,,8.0,2.0,1991-01-07,5,2018-08-01,27.0,6.0,25.0
2018-19,Argentina,Gonzalo Higuaín,9,FW,13,5.0,2,,0.0,,1,0.0,,,1.0,0.0,1987-12-10,1,2018-08-01,30.0,7.0,22.0
2018-19,England,Ross Barkley,8,MF,13,3.0,3,,0.0,,5,0.0,,,12.0,2.0,1993-12-05,14,2018-08-01,24.0,7.0,27.0
2018-19,France,N'Golo Kanté,7,MF,36,4.0,2,,0.0,,5,1.0,,,10.0,0.0,1991-03-29,0,2018-08-01,27.0,4.0,3.0
2018-19,England,Danny Drinkwater,6,MF,0,0.0,0,,0.0,,0,0.0,,,0.0,0.0,1990-03-05,0,2018-08-01,28.0,4.0,27.0
2018-19,Italy,Jorginho,5,MF,37,2.0,2,,0.0,,3,0.0,,,11.0,0.0,1991-12-20,0,2018-08-01,26.0,7.0,12.0
2018-19,Spain,Marcos Alonso,3,DF,31,2.0,2,,0.0,,1,0.0,,,4.0,2.0,1990-12-28,0,2018-08-01,27.0,7.0,4.0
2018-19,Germany,Antonio Rüdiger,2,DF,33,1.0,2,,0.0,,4,0.0,,,4.0,0.0,1993-03-03,0,2018-08-01,25.0,4.0,29.0
2018-19,Spain,Kepa Arrizabalaga,1,GK,36,0.0,1,,0.0,,4,0.0,,,13.0,0.0,1994-10-03,0,2018-08-01,23.0,9.0,29.0
2018-19,Italy,Davide Zappacosta,21,DF,1,0.0,2,,0.0,,1,0.0,,,10.0,0.0,1992-06-11,3,2018-08-01,26.0,1.0,21.0
2018-19,Spain,Cesc Fàbregas,4,MF,1,0.0,1,,0.0,,3,1.0,,,5.0,0.0,1987-05-04,5,2018-08-01,31.0,2.0,28.0
2019-20,England,Marc Guehi,44,DF,0,0.0,0,,0.0,,2,0.0,0.0,0.0,,,2000-07-13,0,2019-08-01,19.0,0.0,19.0
2019-20,Spain,Kepa Arrizabalaga,1,GK,25,0.0,1,,0.0,,0,0.0,6.0,0.0,,,1994-10-03,0,2019-08-01,24.0,9.0,29.0
2019-20,Brazil,Kenedy,16,MF,0,0.0,0,,0.0,,0,0.0,0.0,0.0,,,1996-02-08,0,2019-08-01,23.0,5.0,24.0
2019-20,Italy,Davide Zappacosta,21,DF,0,0.0,0,,0.0,,0,0.0,0.0,0.0,,,1992-06-11,0,2019-08-01,27.0,1.0,21.0
2019-20,Netherlands,Ian Maatsen,63,DF,0,0.0,0,,0.0,,1,0.0,0.0,0.0,,,2002-03-10,0,2019-08-01,17.0,4.0,22.0
2019-20,Albania,Armando Broja,57,FW,0,0.0,0,,0.0,,0,0.0,0.0,0.0,,,2001-09-10,1,2019-08-01,17.0,10.0,22.0
2019-20,England,Tino Anjorin,55,MF,0,0.0,0,,0.0,,1,0.0,0.0,0.0,,,2001-11-23,1,2019-08-01,17.0,8.0,9.0
2019-20,Scotland,Billy Gilmour,47,MF,1,0.0,2,,0.0,,2,0.0,0.0,0.0,,,2001-06-11,2,2019-08-01,18.0,1.0,21.0
2019-20,Italy,Emerson,33,DF,13,0.0,1,,0.0,,0,0.0,2.0,0.0,,,1994-08-03,1,2019-08-01,24.0,11.0,29.0
2019-20,England,Fikayo Tomori,29,DF,15,1.0,2,,1.0,,0,0.0,4.0,0.0,,,1997-12-19,0,2019-08-01,21.0,7.0,13.0
2019-20,Spain,César Azpilicueta,28,DF,27,2.0,2,,0.0,,0,0.0,7.0,2.0,,,1989-08-28,0,2019-08-01,29.0,11.0,4.0
2019-20,England,Reece James,24,DF,11,0.0,2,,0.0,,2,1.0,5.0,1.0,,,1999-12-08,6,2019-08-01,19.0,7.0,24.0
2019-20,Belgium,Michy Batshuayi,23,FW,1,1.0,2,,1.0,,2,3.0,4.0,1.0,,,1993-10-02,15,2019-08-01,25.0,9.0,30.0
2019-20,UnitedStates,Christian Pulisic,22,MF,12,5.0,0,,0.0,,2,0.0,4.0,1.0,,,1998-09-18,4,2019-08-01,20.0,10.0,14.0
2019-20,England,Callum Hudson-Odoi,20,MF,7,1.0,2,,1.0,,2,1.0,4.0,0.0,,,2000-11-07,10,2019-08-01,18.0,8.0,25.0
2019-20,England,Tariq Lamptey,48,DF,0,0.0,2,,0.0,,0,0.0,0.0,0.0,,,2000-09-30,1,2019-08-01,18.0,10.0,2.0
2019-20,England,Mason Mount,19,MF,25,6.0,3,,0.0,,1,0.0,7.0,0.0,,,1999-01-10,4,2019-08-01,20.0,6.0,22.0
2019-20,Croatia,Mateo Kovačić,17,MF,18,1.0,3,,0.0,,1,0.0,7.0,1.0,,,1994-05-06,7,2019-08-01,25.0,2.0,26.0
2019-20,France,Kurt Zouma,15,DF,19,0.0,2,,0.0,,2,1.0,6.0,0.0,,,1994-10-27,3,2019-08-01,24.0,9.0,5.0
2019-20,Argentina,Willy Caballero,13,GK,4,0.0,2,,0.0,,2,0.0,1.0,0.0,,,1981-09-28,0,2019-08-01,37.0,10.0,4.0
2019-20,England,Ruben Loftus-Cheek,12,MF,0,0.0,0,,0.0,,0,0.0,0.0,0.0,,,1996-01-23,0,2019-08-01,23.0,6.0,9.0
2019-20,Spain,Pedro,11,MF,8,1.0,3,,0.0,,2,1.0,3.0,0.0,,,1987-07-28,1,2019-08-01,32.0,0.0,4.0
2019-20,Brazil,Willian,10,MF,21,5.0,2,,1.0,,0,0.0,7.0,1.0,,,1988-08-09,7,2019-08-01,30.0,11.0,23.0
2019-20,England,Tammy Abraham,9,FW,23,13.0,0,,0.0,,1,0.0,7.0,2.0,,,1997-10-02,2,2019-08-01,21.0,9.0,30.0
2019-20,England,Ross Barkley,8,MF,8,0.0,3,,2.0,,1,1.0,2.0,0.0,,,1993-12-05,5,2019-08-01,25.0,7.0,27.0
2019-20,France,N'Golo Kanté,7,MF,16,3.0,0,,0.0,,0,0.0,3.0,0.0,,,1991-03-29,2,2019-08-01,28.0,4.0,3.0
2019-20,Italy,Jorginho,5,MF,23,4.0,2,,0.0,,1,0.0,7.0,2.0,,,1991-12-20,3,2019-08-01,27.0,7.0,12.0
2019-20,Denmark,Andreas Christensen,4,DF,15,0.0,1,,0.0,,0,0.0,3.0,0.0,,,1996-04-10,0,2019-08-01,23.0,3.0,22.0
2019-20,Spain,Marcos Alonso,3,DF,9,4.0,2,,0.0,,2,0.0,5.0,0.0,,,1990-12-28,2,2019-08-01,28.0,7.0,4.0
2019-20,Germany,Antonio Rüdiger,2,DF,13,2.0,1,,0.0,,0,0.0,2.0,0.0,,,1993-03-03,0,2019-08-01,26.0,4.0,29.0
2019-20,France,Olivier Giroud,18,FW,5,2.0,1,,0.0,,0,0.0,2.0,0.0,,,1986-09-30,4,2019-08-01,32.0,10.0,2.0
2019-20,England,Jamie Cumming,31,GK,0,0.0,0,,0.0,,0,0.0,0.0,0.0,,,,0,2019-08-01,,,
